SYL_EVNT_NAME_NM,SYL_EVNT_ITM_NAME_NM,ITEM_GRADE_QY
ACM-1,ACM SETUPS,1.7525773195876289
ACM-1,AGSM,2.0854271356783918
ACM-1,ARMAMENT SWITCHOLOGY/FENCE CHK,2.1155778894472363
ACM-1,BATTLE DAMAGE CHECK,2.109375
ACM-1,COMMUNICATIONS,1.7810945273631842
ACM-1,CONVENTIONAL/TAC RANGE PROC/PATTERNS,2.0
ACM-1,CROSSUNDER,2.0
ACM-1,DECISION MAKING/RISK MANAGEMENT,1.7761194029850746
ACM-1,DEPARTURE,2.112820512820513
ACM-1,ECHELON,2.0714285714285716
ACM-1,EMERGENCY PROCEDURES,2.985074626865672
ACM-1,ENGAGED / SUPPORT MANEUVERING,1.2731958762886597
ACM-1,ERROR ANALYSIS,2.0
ACM-1,FIGHT ANALYSIS,2.0
ACM-1,FIGHTING WING,2.056
ACM-1,FINGERTIP,2.1099476439790577
ACM-1,FLIGHT COORDINATION,1.8032786885245902
ACM-1,FORMATION APPROACH (WING),2.2
ACM-1,FORMATION TAKEOFF (WING),2.272727272727273
ACM-1,FOUR-SHIP FORMATION - BASIC,2.1
ACM-1,FOUR-SHIP FORMATION - TACTICAL,2.0497237569060776
ACM-1,FUEL MANAGEMENT,2.1608040201005023
ACM-1,G-AWARENESS,2.0653266331658293
ACM-1,G-AWARENESS TURNS,2.090452261306533
ACM-1,GROUND OPERATIONS,2.189054726368159
ACM-1,HEAT-TO-GUNS EXERCISE,2.0
ACM-1,INSTRUMENT TRAIL DEPARTURE,2.1
ACM-1,MANEUVER MECHANICS,2.0
ACM-1,MANEUVER MECHANICS (OBFM),2.0
ACM-1,MANEUVER SELECTION,2.0
ACM-1,MANEUVER SELECTION (OBFM),2.0
ACM-1,MISSED APPROACH,2.0
ACM-1,MISSION ANALYSIS,2.0
ACM-1,MISSION PLANNING/BRIEFING/DEBRIEFING,2.345
ACM-1,MUTUAL SUPPORT COMMUNICATION (3-1),1.5076923076923077
ACM-1,NO FLAP APPROACH/LANDING,2.0
ACM-1,NON-PRECISION APPROACH (HUD ON/OFF),2.1818181818181817
ACM-1,NORMAL LANDING,2.1036269430051813
ACM-1,NORMAL PATTERN,2.08125
ACM-1,PENETRATION,2.0
ACM-1,PRECISION APPROACH (HUD ON/OFF),2.1176470588235294
ACM-1,REJOINS,2.0725388601036268
ACM-1,RETURN TO BASE (RTB) PROCEDURES,2.1256281407035176
ACM-1,ROLE ESTABLISHMENT/CONTRACT EXECUTION,1.5824742268041236
ACM-1,ROUTE,2.1041666666666665
ACM-1,SAFE ESCAPE MANEUVER,2.0
ACM-1,SIMULATED GUNSHOT,2.0
ACM-1,SIMULATED IR MISSILE SHOT,1.8461538461538463
ACM-1,SINGLE ENGINE APPROACH/LANDING,2.0
ACM-1,SINGLE ENGINE GO-AROUND,2.0
ACM-1,SITUATIONAL AWARENESS,1.6616915422885572
ACM-1,TACS/JFIRE PROCEDURES,1.0
ACM-1,TAKEOFF (SINGLE-SHIP),2.2252747252747254
ACM-1,TASK MANAGEMENT,1.8208955223880596
ACM-1,THREAT REACTIONS,1.0
ACM-1,TWO-SHIP FORMATION -- TACTICAL,2.0331491712707184
ACM-1,TWO-SHIP MUTUAL SUPPORT,2.0
ACM-1,VISUAL SEARCH,2.16
ACM-1,VISUAL SIGNALS,2.111111111111111
ACM-1,WEAPONS DELIVERY EVENTS/PARAMETERS,2.0
ACM-1,WEAPONS EMPLOYMENT,1.577319587628866
ACM-1,WEZ RECOGNITION,2.0
ACM-1,WINGMAN CONSID/FLT INTEGRITY,1.9071428571428573
ACM-2,ACM SETUPS,2.1294117647058823
ACM-2,AGSM,2.1839080459770117
ACM-2,ARMAMENT SWITCHOLOGY/FENCE CHK,2.238372093023256
ACM-2,BATTLE DAMAGE CHECK,2.239766081871345
ACM-2,BUTTERFLY SETUPS,2.0
ACM-2,COMMUNICATIONS,2.1379310344827585
ACM-2,CROSSUNDER,2.1538461538461537
ACM-2,DECISION MAKING/RISK MANAGEMENT,2.0919540229885056
ACM-2,DEPARTURE,2.1695906432748537
ACM-2,ECHELON,2.230769230769231
ACM-2,EMERGENCY PROCEDURES,3.0
ACM-2,ENGAGED / SUPPORT MANEUVERING,1.723529411764706
ACM-2,FIGHT ANALYSIS,2.0
ACM-2,FIGHTING WING,2.1367521367521367
ACM-2,FINGERTIP,2.1785714285714284
ACM-2,FLIGHT COORDINATION,2.2333333333333334
ACM-2,FORMATION APPROACH (WING),2.0
ACM-2,FORMATION TAKEOFF (WING),2.129032258064516
ACM-2,FOUR-SHIP FORMATION - BASIC,2.1623376623376624
ACM-2,FOUR-SHIP FORMATION - TACTICAL,2.1219512195121952
ACM-2,FUEL MANAGEMENT,2.2471264367816093
ACM-2,G-AWARENESS,2.1551724137931036
ACM-2,G-AWARENESS TURNS,2.1839080459770117
ACM-2,GROUND OPERATIONS,2.2298850574712645
ACM-2,INSTRUMENT TRAIL DEPARTURE,2.0526315789473686
ACM-2,LOST WINGMAN PROCEDURES,2.25
ACM-2,MANEUVER MECHANICS,2.0
ACM-2,MANEUVER MECHANICS (OBFM),2.0
ACM-2,MANEUVER SELECTION (OBFM),2.0
ACM-2,MISSED APPROACH,2.0
ACM-2,MISSION ANALYSIS,3.0
ACM-2,MISSION PLANNING/BRIEFING/DEBRIEFING,2.421965317919075
ACM-2,MUTUAL SUPPORT COMMUNICATION (3-1),2.1058823529411765
ACM-2,NO FLAP APPROACH/LANDING,2.0
ACM-2,NON-PRECISION APPROACH (HUD ON/OFF),2.2857142857142856
ACM-2,NORMAL LANDING,2.2195121951219514
ACM-2,NORMAL PATTERN,2.1956521739130435
ACM-2,PENETRATION,2.4
ACM-2,PRECISION APPROACH (HUD ON/OFF),2.2
ACM-2,REJOINS,2.106508875739645
ACM-2,RETURN TO BASE (RTB) PROCEDURES,2.191860465116279
ACM-2,ROLE ESTABLISHMENT/CONTRACT EXECUTION,2.0588235294117645
ACM-2,ROUTE,2.136094674556213
ACM-2,SIMULATED GUNSHOT,2.1666666666666665
ACM-2,SIMULATED IR MISSILE SHOT,2.272727272727273
ACM-2,SINGLE ENGINE APPROACH/LANDING,2.0
ACM-2,SINGLE ENGINE GO-AROUND,2.0
ACM-2,SITUATIONAL AWARENESS,2.0977011494252875
ACM-2,TAKEOFF (SINGLE-SHIP),2.2466666666666666
ACM-2,TASK MANAGEMENT,2.1494252873563218
ACM-2,TWO-SHIP FORMATION -- TACTICAL,2.1666666666666665
ACM-2,VISUAL SEARCH,2.2011494252873565
ACM-2,VISUAL SIGNALS,2.1705882352941175
ACM-2,WEAPONS EMPLOYMENT,1.982248520710059
ACM-2,WEZ RECOGNITION,2.0
ACM-2,WINGMAN CONSID/FLT INTEGRITY,2.1140350877192984
CAS-1,ACM SETUPS,1.0
CAS-1,AGSM,2.211764705882353
CAS-1,ARMAMENT SWITCHOLOGY/FENCE CHK,2.2192307692307693
CAS-1,BASIC RANGE PROCEDURES AND PATTERNS,2.2464788732394365
CAS-1,BATTLE DAMAGE CHECK,2.188284518828452
CAS-1,BREAK TURN/ACCELERATED STALL,1.0
CAS-1,BUTTERFLY SETUPS,2.0
CAS-1,COMMUNICATIONS,2.109848484848485
CAS-1,CONVENTIONAL/TAC RANGE PROC/PATTERNS,2.0
CAS-1,CROSSUNDER,2.1956521739130435
CAS-1,DECISION MAKING/RISK MANAGEMENT,2.121212121212121
CAS-1,DEPARTURE,2.2548262548262548
CAS-1,ECHELON,2.2333333333333334
CAS-1,EMERGENCY PROCEDURES,3.0
CAS-1,ENERGY MANEUVERABILITY,1.0
CAS-1,ENGAGED / SUPPORT MANEUVERING,1.0
CAS-1,ERROR ANALYSIS,2.1333333333333333
CAS-1,FIGHT ANALYSIS,2.0
CAS-1,FIGHTING WING,2.220779220779221
CAS-1,FINGERTIP,2.2283464566929134
CAS-1,FLIGHT COORDINATION,2.197674418604651
CAS-1,FORMATION APPROACH (WING),2.1666666666666665
CAS-1,FORMATION TAKEOFF (WING),2.1538461538461537
CAS-1,FOUR-SHIP FORMATION - BASIC,2.0
CAS-1,FOUR-SHIP FORMATION - TACTICAL,1.8
CAS-1,FUEL MANAGEMENT,2.2699619771863118
CAS-1,G-AWARENESS,2.2086614173228347
CAS-1,G-AWARENESS TURNS,2.191860465116279
CAS-1,GROUND OPERATIONS,2.287878787878788
CAS-1,HEAT-TO-GUNS EXERCISE,2.0
CAS-1,HIGH/LOW-SPEED DIVE RECOVERY,1.0
CAS-1,INSTRUMENT TRAIL DEPARTURE,2.1538461538461537
CAS-1,LEAD TURN EXERCISE,1.0
CAS-1,LOST WINGMAN PROCEDURES,2.0
CAS-1,MANEUVER MECHANICS,2.0
CAS-1,MANEUVER MECHANICS (OBFM),2.0
CAS-1,MANEUVER SELECTION,2.0
CAS-1,MANEUVER SELECTION (OBFM),2.0
CAS-1,MISSED APPROACH,2.0833333333333335
CAS-1,MISSION ANALYSIS,2.4
CAS-1,MISSION PLANNING/BRIEFING/DEBRIEFING,2.444015444015444
CAS-1,MUTUAL SUPPORT COMMUNICATION (3-1),2.0
CAS-1,NO FLAP APPROACH/LANDING,1.7142857142857142
CAS-1,NON-PRECISION APPROACH (HUD ON/OFF),2.0952380952380953
CAS-1,NORMAL LANDING,2.207843137254902
CAS-1,NORMAL PATTERN,2.185344827586207
CAS-1,PENETRATION,2.05
CAS-1,PERCH SETUPS,2.0
CAS-1,PRECISION APPROACH (HUD ON/OFF),2.1176470588235294
CAS-1,REJOINS,2.22568093385214
CAS-1,RETURN TO BASE (RTB) PROCEDURES,2.256704980842912
CAS-1,ROLE ESTABLISHMENT/CONTRACT EXECUTION,2.0
CAS-1,ROUTE,2.2244094488188977
CAS-1,SAFE ESCAPE MANEUVER,2.1808510638297873
CAS-1,SIMULATED GUNSHOT,2.0
CAS-1,SIMULATED IR MISSILE SHOT,2.0
CAS-1,SINGLE ENGINE APPROACH/LANDING,1.8
CAS-1,SINGLE ENGINE GO-AROUND,2.0
CAS-1,SINGLE-SHIP JINK EXERCISE,1.0
CAS-1,SITUATIONAL AWARENESS,2.0454545454545454
CAS-1,TACS/JFIRE PROCEDURES,1.888030888030888
CAS-1,TAKEOFF (SINGLE-SHIP),2.291828793774319
CAS-1,TASK MANAGEMENT,2.0946969696969697
CAS-1,THREAT REACTIONS,1.9456066945606694
CAS-1,TWO-SHIP FORMATION -- TACTICAL,2.183673469387755
CAS-1,TWO-SHIP MUTUAL SUPPORT,2.1312741312741315
CAS-1,VISUAL SEARCH,2.2213740458015265
CAS-1,VISUAL SIGNALS,2.205426356589147
CAS-1,WEAPONS DELIVERY EVENTS/PARAMETERS,2.0
CAS-1,WEAPONS EMPLOYMENT,2.070671378091873
CAS-1,WEZ RECOGNITION,2.0
CAS-1,WINGMAN CONSID/FLT INTEGRITY,2.135593220338983
CAS-2,AGSM,2.0
CAS-2,ARMAMENT SWITCHOLOGY/FENCE CHK,2.0
CAS-2,BASIC RANGE PROCEDURES AND PATTERNS,2.5
CAS-2,BATTLE DAMAGE CHECK,2.0
CAS-2,COMMUNICATIONS,2.0
CAS-2,DECISION MAKING/RISK MANAGEMENT,2.0
CAS-2,DEPARTURE,2.0
CAS-2,EMERGENCY PROCEDURES,3.0
CAS-2,FIGHTING WING,2.0
CAS-2,FINGERTIP,2.0
CAS-2,FLIGHT COORDINATION,2.0
CAS-2,FUEL MANAGEMENT,2.0
CAS-2,G-AWARENESS,2.0
CAS-2,G-AWARENESS TURNS,2.0
CAS-2,GROUND OPERATIONS,2.0
CAS-2,INSTRUMENT TRAIL DEPARTURE,2.0
CAS-2,MISSION ANALYSIS,2.0
CAS-2,MISSION PLANNING/BRIEFING/DEBRIEFING,2.0
CAS-2,NORMAL LANDING,2.0
CAS-2,NORMAL PATTERN,2.0
CAS-2,PRECISION APPROACH (HUD ON/OFF),2.0
CAS-2,REJOINS,2.0
CAS-2,RETURN TO BASE (RTB) PROCEDURES,2.0
CAS-2,ROUTE,2.0
CAS-2,SAFE ESCAPE MANEUVER,3.0
CAS-2,SITUATIONAL AWARENESS,2.0
CAS-2,TACS/JFIRE PROCEDURES,2.0
CAS-2,TAKEOFF (SINGLE-SHIP),2.0
CAS-2,TASK MANAGEMENT,1.6
CAS-2,THREAT REACTIONS,1.75
CAS-2,TWO-SHIP FORMATION -- TACTICAL,2.0
CAS-2,TWO-SHIP MUTUAL SUPPORT,2.3333333333333335
CAS-2,VISUAL SEARCH,2.0
CAS-2,VISUAL SIGNALS,2.0
CAS-2,WEAPONS EMPLOYMENT,2.25
CAS-2,WINGMAN CONSID/FLT INTEGRITY,1.75
DB-1,AGSM,1.963519313304721
DB-1,ARMAMENT SWITCHOLOGY/FENCE CHK,2.0405117270788913
DB-1,BATTLE DAMAGE CHECK,2.0328227571115973
DB-1,BUTTERFLY SETUPS,2.0
DB-1,COMMUNICATIONS,1.7763713080168777
DB-1,CROSSUNDER,2.0
DB-1,DECISION MAKING/RISK MANAGEMENT,1.7869198312236287
DB-1,DEFENSIVE RANGING/PURSUIT CURVE EXERCISE,1.4257907542579076
DB-1,DEPARTURE,2.0847826086956522
DB-1,ECHELON,2.0
DB-1,EMERGENCY PROCEDURES,2.981012658227848
DB-1,FIGHT ANALYSIS,1.1904761904761905
DB-1,FIGHTING WING,2.051643192488263
DB-1,FINGERTIP,2.058315334773218
DB-1,FLIGHT COORDINATION,1.8657718120805369
DB-1,FORMATION APPROACH (WING),2.0843373493975905
DB-1,FORMATION TAKEOFF (WING),2.076923076923077
DB-1,FOUR-SHIP FORMATION - BASIC,2.0277777777777777
DB-1,FOUR-SHIP FORMATION - TACTICAL,1.9615384615384615
DB-1,FUEL MANAGEMENT,2.0511727078891258
DB-1,G-AWARENESS,2.0042826552462527
DB-1,G-AWARENESS TURNS,2.0128755364806867
DB-1,GROUND OPERATIONS,2.0824524312896404
DB-1,INSTRUMENT TRAIL DEPARTURE,2.0869565217391304
DB-1,JINK EXERCISE,0.5
DB-1,LOST WINGMAN PROCEDURES,2.0
DB-1,MANEUVER MECHANICS,1.1136363636363635
DB-1,MANEUVER MECHANICS (OBFM),1.25
DB-1,MANEUVER SELECTION,1.2264631043256997
DB-1,MANEUVER SELECTION (OBFM),1.3404255319148937
DB-1,MISSED APPROACH,2.0
DB-1,MISSION ANALYSIS,2.185185185185185
DB-1,MISSION PLANNING/BRIEFING/DEBRIEFING,2.2669584245076586
DB-1,NO FLAP APPROACH/LANDING,2.090909090909091
DB-1,NON-PRECISION APPROACH (HUD ON/OFF),2.0526315789473686
DB-1,NORMAL LANDING,2.030150753768844
DB-1,NORMAL PATTERN,2.0258620689655173
DB-1,PENETRATION,2.0
DB-1,PERCH SETUPS,1.3582417582417583
DB-1,PRECISION APPROACH (HUD ON/OFF),2.12
DB-1,REJOINS,2.008714596949891
DB-1,RETURN TO BASE (RTB) PROCEDURES,2.040772532188841
DB-1,REVERSAL / SCISSORS EXERCISE,1.219114219114219
DB-1,ROUTE,2.0471092077087794
DB-1,SIMULATED GUNSHOT,2.0
DB-1,SIMULATED IR MISSILE SHOT,2.0
DB-1,SINGLE ENGINE APPROACH/LANDING,1.8518518518518519
DB-1,SINGLE ENGINE GO-AROUND,2.0
DB-1,SITUATIONAL AWARENESS,1.6814345991561181
DB-1,TAKEOFF (SINGLE-SHIP),2.108108108108108
DB-1,TASK MANAGEMENT,1.6511627906976745
DB-1,TWO-SHIP FORMATION -- TACTICAL,1.9466950959488274
DB-1,VISUAL SEARCH,2.0361702127659576
DB-1,VISUAL SIGNALS,2.0323974082073435
DB-1,WEZ RECOGNITION,1.1524249422632795
DB-1,WINGMAN CONSID/FLT INTEGRITY,1.758513931888545
DB-2,AGSM,2.014830508474576
DB-2,ARMAMENT SWITCHOLOGY/FENCE CHK,2.04
DB-2,BATTLE DAMAGE CHECK,2.0309050772626933
DB-2,COMMUNICATIONS,1.768267223382046
DB-2,CROSSUNDER,2.0256410256410255
DB-2,DECISION MAKING/RISK MANAGEMENT,1.7745302713987474
DB-2,DEFENSIVE RANGING/PURSUIT CURVE EXERCISE,1.0
DB-2,DEPARTURE,2.057446808510638
DB-2,ECHELON,2.0476190476190474
DB-2,EMERGENCY PROCEDURES,2.966666666666667
DB-2,FIGHT ANALYSIS,1.2192393736017897
DB-2,FIGHTING WING,2.0410628019323673
DB-2,FINGERTIP,2.062906724511931
DB-2,FLIGHT COORDINATION,1.8541666666666667
DB-2,FORMATION APPROACH (WING),2.074074074074074
DB-2,FORMATION TAKEOFF (WING),2.164383561643836
DB-2,FOUR-SHIP FORMATION - BASIC,2.0338983050847457
DB-2,FOUR-SHIP FORMATION - TACTICAL,1.9481865284974094
DB-2,FUEL MANAGEMENT,2.085774058577406
DB-2,G-AWARENESS,2.035940803382664
DB-2,G-AWARENESS TURNS,2.048523206751055
DB-2,GROUND OPERATIONS,2.106471816283925
DB-2,INSTRUMENT TRAIL DEPARTURE,1.9811320754716981
DB-2,JINK EXERCISE,1.2345679012345678
DB-2,LOST WINGMAN PROCEDURES,1.75
DB-2,MANEUVER MECHANICS,1.1160493827160494
DB-2,MANEUVER MECHANICS (OBFM),1.3488372093023255
DB-2,MANEUVER SELECTION,1.254950495049505
DB-2,MANEUVER SELECTION (OBFM),1.4090909090909092
DB-2,MISSED APPROACH,2.111111111111111
DB-2,MISSION ANALYSIS,2.2
DB-2,MISSION PLANNING/BRIEFING/DEBRIEFING,2.296774193548387
DB-2,NO FLAP APPROACH/LANDING,1.903225806451613
DB-2,NON-PRECISION APPROACH (HUD ON/OFF),2.074766355140187
DB-2,NORMAL LANDING,2.075566750629723
DB-2,NORMAL PATTERN,2.035502958579882
DB-2,PENETRATION,2.0
DB-2,PERCH SETUPS,1.354625550660793
DB-2,PRECISION APPROACH (HUD ON/OFF),2.13265306122449
DB-2,REJOINS,2.037199124726477
DB-2,RETURN TO BASE (RTB) PROCEDURES,2.027310924369748
DB-2,REVERSAL / SCISSORS EXERCISE,1.25
DB-2,ROUTE,2.056399132321041
DB-2,SIMULATED GUNSHOT,2.1
DB-2,SIMULATED IR MISSILE SHOT,2.1052631578947367
DB-2,SINGLE ENGINE APPROACH/LANDING,2.0508474576271185
DB-2,SINGLE ENGINE GO-AROUND,2.0
DB-2,SITUATIONAL AWARENESS,1.6680584551148225
DB-2,TAKEOFF (SINGLE-SHIP),2.1247002398081536
DB-2,TASK MANAGEMENT,1.7286012526096033
DB-2,TWO-SHIP FORMATION -- TACTICAL,1.9345991561181435
DB-2,VISUAL SEARCH,2.0125786163522013
DB-2,VISUAL SIGNALS,2.040772532188841
DB-2,WEZ RECOGNITION,1.1700223713646531
DB-2,WINGMAN CONSID/FLT INTEGRITY,1.773134328358209
DB-3,AGSM,2.0271398747390394
DB-3,ARMAMENT SWITCHOLOGY/FENCE CHK,2.0875
DB-3,BATTLE DAMAGE CHECK,2.041304347826087
DB-3,COMMUNICATIONS,1.8350515463917525
DB-3,CROSSUNDER,2.0
DB-3,DECISION MAKING/RISK MANAGEMENT,1.8494845360824743
DB-3,DEFENSIVE RANGING/PURSUIT CURVE EXERCISE,1.0
DB-3,DEPARTURE,2.0914893617021275
DB-3,ECHELON,2.0
DB-3,EMERGENCY PROCEDURES,2.954639175257732
DB-3,FIGHT ANALYSIS,1.4816414686825055
DB-3,FIGHTING WING,2.0736342042755345
DB-3,FINGERTIP,2.0780911062906724
DB-3,FLIGHT COORDINATION,1.8657718120805369
DB-3,FORMATION APPROACH (WING),2.0
DB-3,FORMATION TAKEOFF (WING),2.2745098039215685
DB-3,FOUR-SHIP FORMATION - BASIC,2.045045045045045
DB-3,FOUR-SHIP FORMATION - TACTICAL,1.985
DB-3,FUEL MANAGEMENT,2.0950413223140494
DB-3,G-AWARENESS,1.9645093945720251
DB-3,G-AWARENESS TURNS,2.0501043841336117
DB-3,GROUND OPERATIONS,2.1670103092783504
DB-3,INSTRUMENT TRAIL DEPARTURE,1.962962962962963
DB-3,JINK EXERCISE,1.3333333333333333
DB-3,LOST WINGMAN PROCEDURES,2.0
DB-3,MANEUVER MECHANICS,1.3562945368171022
DB-3,MANEUVER MECHANICS (OBFM),1.380952380952381
DB-3,MANEUVER SELECTION,1.5595238095238095
DB-3,MANEUVER SELECTION (OBFM),1.7380952380952381
DB-3,MISSED APPROACH,2.0526315789473686
DB-3,MISSION ANALYSIS,2.176470588235294
DB-3,MISSION PLANNING/BRIEFING/DEBRIEFING,2.2884615384615383
DB-3,NO FLAP APPROACH/LANDING,2.13953488372093
DB-3,NON-PRECISION APPROACH (HUD ON/OFF),2.146551724137931
DB-3,NORMAL LANDING,2.0709046454767726
DB-3,NORMAL PATTERN,2.051546391752577
DB-3,PENETRATION,2.3333333333333335
DB-3,PERCH SETUPS,1.6004273504273505
DB-3,PRECISION APPROACH (HUD ON/OFF),2.139393939393939
DB-3,REJOINS,2.0362473347547976
DB-3,RETURN TO BASE (RTB) PROCEDURES,2.047817047817048
DB-3,REVERSAL / SCISSORS EXERCISE,1.0
DB-3,ROUTE,2.0678336980306344
DB-3,SIMULATED GUNSHOT,2.0
DB-3,SIMULATED IR MISSILE SHOT,2.111111111111111
DB-3,SINGLE ENGINE APPROACH/LANDING,2.1136363636363638
DB-3,SINGLE ENGINE GO-AROUND,2.0
DB-3,SITUATIONAL AWARENESS,1.6556701030927834
DB-3,TAKEOFF (SINGLE-SHIP),2.143181818181818
DB-3,TASK MANAGEMENT,1.7814432989690723
DB-3,TWO-SHIP FORMATION -- TACTICAL,1.9474789915966386
DB-3,VISUAL SEARCH,2.037344398340249
DB-3,VISUAL SIGNALS,2.054736842105263
DB-3,WEZ RECOGNITION,1.4387096774193548
DB-3,WINGMAN CONSID/FLT INTEGRITY,1.8835820895522388
DB-4,AGSM,2.048979591836735
DB-4,ARMAMENT SWITCHOLOGY/FENCE CHK,2.125252525252525
DB-4,BATTLE DAMAGE CHECK,2.0981210855949897
DB-4,COMMUNICATIONS,2.1877470355731226
DB-4,CROSSUNDER,2.0238095238095237
DB-4,DECISION MAKING/RISK MANAGEMENT,2.122772277227723
DB-4,DEFENSIVE RANGING/PURSUIT CURVE EXERCISE,1.0
DB-4,DEPARTURE,2.157258064516129
DB-4,ECHELON,2.0
DB-4,EMERGENCY PROCEDURES,2.990138067061144
DB-4,FIGHT ANALYSIS,2.0526315789473686
DB-4,FIGHTING WING,2.1116279069767443
DB-4,FINGERTIP,2.1213389121338913
DB-4,FLIGHT COORDINATION,2.175324675324675
DB-4,FORMATION APPROACH (WING),2.1666666666666665
DB-4,FORMATION TAKEOFF (WING),2.2222222222222223
DB-4,FOUR-SHIP FORMATION - BASIC,2.09375
DB-4,FOUR-SHIP FORMATION - TACTICAL,2.0573248407643314
DB-4,FUEL MANAGEMENT,2.243027888446215
DB-4,G-AWARENESS,1.9918367346938775
DB-4,G-AWARENESS TURNS,2.089613034623218
DB-4,GROUND OPERATIONS,2.2051282051282053
DB-4,INSTRUMENT TRAIL DEPARTURE,2.037037037037037
DB-4,JINK EXERCISE,1.0
DB-4,LOST WINGMAN PROCEDURES,2.0
DB-4,MANEUVER MECHANICS,1.9791183294663572
DB-4,MANEUVER MECHANICS (OBFM),1.8478260869565217
DB-4,MANEUVER SELECTION,2.1165501165501164
DB-4,MANEUVER SELECTION (OBFM),2.0217391304347827
DB-4,MISSED APPROACH,2.0
DB-4,MISSION ANALYSIS,2.6923076923076925
DB-4,MISSION PLANNING/BRIEFING/DEBRIEFING,2.3813387423935093
DB-4,NO FLAP APPROACH/LANDING,2.0
DB-4,NON-PRECISION APPROACH (HUD ON/OFF),2.108108108108108
DB-4,NORMAL LANDING,2.1019108280254777
DB-4,NORMAL PATTERN,2.13262599469496
DB-4,PENETRATION,2.0
DB-4,PERCH SETUPS,2.0501043841336117
DB-4,PRECISION APPROACH (HUD ON/OFF),2.0135135135135136
DB-4,REJOINS,2.071283095723014
DB-4,RETURN TO BASE (RTB) PROCEDURES,2.129740518962076
DB-4,REVERSAL / SCISSORS EXERCISE,1.0
DB-4,ROUTE,2.1281512605042017
DB-4,SIMULATED GUNSHOT,2.1176470588235294
DB-4,SIMULATED IR MISSILE SHOT,2.0
DB-4,SINGLE ENGINE APPROACH/LANDING,2.0
DB-4,SINGLE ENGINE GO-AROUND,2.0
DB-4,SITUATIONAL AWARENESS,1.9722772277227723
DB-4,TAKEOFF (SINGLE-SHIP),2.2062084257206207
DB-4,TASK MANAGEMENT,2.110891089108911
DB-4,TWO-SHIP FORMATION -- TACTICAL,2.0585858585858587
DB-4,VISUAL SEARCH,2.0918163672654693
DB-4,VISUAL SIGNALS,2.084848484848485
DB-4,WEZ RECOGNITION,2.0694736842105264
DB-4,WINGMAN CONSID/FLT INTEGRITY,2.1420454545454546
H-1,AGSM,1.9183673469387754
H-1,ARMAMENT SWITCHOLOGY/FENCE CHK,1.889795918367347
H-1,BATTLE DAMAGE CHECK,1.8166666666666667
H-1,BREAK TURN/ACCELERATED STALL,1.6153846153846154
H-1,COMMUNICATIONS,1.8695652173913044
H-1,DECISION MAKING/RISK MANAGEMENT,1.8636363636363635
H-1,DEPARTURE,1.9979674796747968
H-1,EM MANEUVERS,1.5914634146341464
H-1,EMERGENCY PROCEDURES,2.992094861660079
H-1,ENERGY MANEUVERABILITY,1.4794520547945205
H-1,ERROR ANALYSIS,2.0
H-1,FIGHTING WING,1.5
H-1,FINGERTIP,1.75
H-1,FLIGHT COORDINATION,1.9319727891156462
H-1,FORMATION APPROACH (WING),0.8
H-1,FORMATION TAKEOFF (WING),1.5
H-1,FUEL MANAGEMENT,1.9462151394422311
H-1,G-AWARENESS,1.8920570264765784
H-1,G-AWARENESS TURNS,1.787321063394683
H-1,GROUND OPERATIONS,1.801980198019802
H-1,HIGH/LOW-SPEED DIVE RECOVERY,1.7266666666666666
H-1,INSTRUMENT TRAIL DEPARTURE,2.0
H-1,MISSED APPROACH,2.10443864229765
H-1,MISSION ANALYSIS,2.1076923076923078
H-1,MISSION PLANNING/BRIEFING/DEBRIEFING,2.0303030303030303
H-1,NO FLAP APPROACH/LANDING,1.8888888888888888
H-1,NON-PRECISION APPROACH (HUD ON/OFF),2.122119815668203
H-1,NORMAL LANDING,1.9170124481327802
H-1,NORMAL PATTERN,1.9243119266055047
H-1,PENETRATION,2.1627906976744184
H-1,PRECISION APPROACH (HUD ON/OFF),2.1479289940828403
H-1,REJOINS,1.5555555555555556
H-1,RETURN TO BASE (RTB) PROCEDURES,1.9346534653465346
H-1,ROUTE,1.75
H-1,SINGLE ENGINE APPROACH/LANDING,1.9691211401425177
H-1,SINGLE ENGINE GO-AROUND,1.9245283018867925
H-1,SINGLE-SHIP JINK EXERCISE,1.4048140043763677
H-1,SITUATIONAL AWARENESS,1.790513833992095
H-1,TAKEOFF (SINGLE-SHIP),2.1673306772908365
H-1,TASK MANAGEMENT,1.8339920948616601
H-1,TWO-SHIP FORMATION -- TACTICAL,1.5714285714285714
H-1,VISUAL SEARCH,1.8858350951374208
H-1,VISUAL SIGNALS,1.7692307692307692
H-1,WINGMAN CONSID/FLT INTEGRITY,1.9010416666666667
HB-1,AGSM,2.0790697674418603
HB-1,ARMAMENT SWITCHOLOGY/FENCE CHK,2.097902097902098
HB-1,BATTLE DAMAGE CHECK,2.070388349514563
HB-1,BUTTERFLY SETUPS,1.5560975609756098
HB-1,COMMUNICATIONS,1.900921658986175
HB-1,CROSSUNDER,2.0789473684210527
HB-1,DECISION MAKING/RISK MANAGEMENT,1.8781609195402298
HB-1,DEPARTURE,2.1105882352941174
HB-1,ECHELON,2.076923076923077
HB-1,EMERGENCY PROCEDURES,2.9770114942528734
HB-1,ENERGY MANEUVERABILITY,2.0
HB-1,FIGHT ANALYSIS,1.339152119700748
HB-1,FIGHTING WING,2.102094240837696
HB-1,FINGERTIP,2.1137440758293837
HB-1,FLIGHT COORDINATION,1.9779411764705883
HB-1,FORMATION APPROACH (WING),2.2222222222222223
HB-1,FORMATION TAKEOFF (WING),2.35
HB-1,FOUR-SHIP FORMATION - BASIC,2.0606060606060606
HB-1,FOUR-SHIP FORMATION - TACTICAL,2.0095238095238095
HB-1,FUEL MANAGEMENT,2.1180555555555554
HB-1,G-AWARENESS,2.0023255813953487
HB-1,G-AWARENESS TURNS,2.113953488372093
HB-1,GROUND OPERATIONS,2.18013856812933
HB-1,HIGH ANGLE GUN/SEPARATION EXERCISE,0.0
HB-1,INSTRUMENT TRAIL DEPARTURE,2.108108108108108
HB-1,LEAD TURN EXERCISE,1.3403141361256545
HB-1,LOST WINGMAN PROCEDURES,2.0
HB-1,MANEUVER MECHANICS,1.2135922330097086
HB-1,MANEUVER MECHANICS (OBFM),2.0
HB-1,MANEUVER SELECTION,1.3606965174129353
HB-1,MANEUVER SELECTION (OBFM),2.0
HB-1,MISSED APPROACH,2.0
HB-1,MISSION ANALYSIS,2.3
HB-1,MISSION PLANNING/BRIEFING/DEBRIEFING,2.311688311688312
HB-1,NO FLAP APPROACH/LANDING,2.0
HB-1,NON-PRECISION APPROACH (HUD ON/OFF),2.125
HB-1,NORMAL LANDING,2.1102362204724407
HB-1,NORMAL PATTERN,2.080568720379147
HB-1,PENETRATION,1.5
HB-1,PRECISION APPROACH (HUD ON/OFF),2.1496598639455784
HB-1,REJOINS,2.088516746411483
HB-1,RETURN TO BASE (RTB) PROCEDURES,2.1085450346420322
HB-1,ROUTE,2.1012048192771084
HB-1,SIMULATED GUNSHOT,2.064814814814815
HB-1,SIMULATED IR MISSILE SHOT,2.062271062271062
HB-1,SINGLE ENGINE APPROACH/LANDING,2.0625
HB-1,SINGLE ENGINE GO-AROUND,2.0
HB-1,SITUATIONAL AWARENESS,1.7465437788018434
HB-1,TAKEOFF (SINGLE-SHIP),2.1727019498607243
HB-1,TASK MANAGEMENT,1.8732718894009217
HB-1,TWO-SHIP FORMATION -- TACTICAL,1.9883177570093458
HB-1,VISUAL SEARCH,2.076036866359447
HB-1,VISUAL SIGNALS,2.0829383886255926
HB-1,WEZ RECOGNITION,1.4116094986807388
HB-1,WINGMAN CONSID/FLT INTEGRITY,1.9050847457627118
HB-2,AGSM,2.10625
HB-2,ARMAMENT SWITCHOLOGY/FENCE CHK,2.1490683229813663
HB-2,BATTLE DAMAGE CHECK,2.1044303797468356
HB-2,BUTTERFLY SETUPS,1.8412698412698412
HB-2,COMMUNICATIONS,2.1363636363636362
HB-2,CROSSUNDER,2.0606060606060606
HB-2,DECISION MAKING/RISK MANAGEMENT,2.0939393939393938
HB-2,DEPARTURE,2.130030959752322
HB-2,ECHELON,2.0476190476190474
HB-2,EMERGENCY PROCEDURES,2.993939393939394
HB-2,FIGHT ANALYSIS,1.6751592356687899
HB-2,FIGHTING WING,2.131205673758865
HB-2,FINGERTIP,2.126984126984127
HB-2,FLIGHT COORDINATION,2.1578947368421053
HB-2,FORMATION APPROACH (WING),2.1
HB-2,FORMATION TAKEOFF (WING),2.1818181818181817
HB-2,FOUR-SHIP FORMATION - BASIC,2.1363636363636362
HB-2,FOUR-SHIP FORMATION - TACTICAL,2.044776119402985
HB-2,FUEL MANAGEMENT,2.149847094801223
HB-2,G-AWARENESS,2.0527950310559007
HB-2,G-AWARENESS TURNS,2.1253918495297808
HB-2,GROUND OPERATIONS,2.2393939393939393
HB-2,HIGH ANGLE GUN/SEPARATION EXERCISE,1.6666666666666667
HB-2,INSTRUMENT TRAIL DEPARTURE,2.0526315789473686
HB-2,LEAD TURN EXERCISE,1.75
HB-2,LOST WINGMAN PROCEDURES,2.2
HB-2,MANEUVER MECHANICS,1.4857142857142858
HB-2,MANEUVER SELECTION,1.6210191082802548
HB-2,MISSED APPROACH,2.0
HB-2,MISSION ANALYSIS,2.3658536585365852
HB-2,MISSION PLANNING/BRIEFING/DEBRIEFING,2.3183391003460208
HB-2,NO FLAP APPROACH/LANDING,1.9166666666666667
HB-2,NON-PRECISION APPROACH (HUD ON/OFF),2.06
HB-2,NORMAL LANDING,2.1362007168458783
HB-2,NORMAL PATTERN,2.126984126984127
HB-2,PENETRATION,2.0454545454545454
HB-2,PRECISION APPROACH (HUD ON/OFF),2.267857142857143
HB-2,REJOINS,2.0793650793650795
HB-2,RETURN TO BASE (RTB) PROCEDURES,2.1341463414634148
HB-2,ROLE ESTABLISHMENT/CONTRACT EXECUTION,2.0
HB-2,ROUTE,2.1067961165048543
HB-2,SIMULATED GUNSHOT,2.0783132530120483
HB-2,SIMULATED IR MISSILE SHOT,2.0211267605633805
HB-2,SINGLE ENGINE APPROACH/LANDING,2.0
HB-2,SINGLE ENGINE GO-AROUND,2.0
HB-2,SITUATIONAL AWARENESS,2.003030303030303
HB-2,TAKEOFF (SINGLE-SHIP),2.2007168458781363
HB-2,TASK MANAGEMENT,2.084848484848485
HB-2,TWO-SHIP FORMATION -- TACTICAL,2.04375
HB-2,TWO-SHIP MUTUAL SUPPORT,2.0
HB-2,VISUAL SEARCH,2.143292682926829
HB-2,VISUAL SIGNALS,2.09375
HB-2,WEZ RECOGNITION,1.6430976430976432
HB-2,WINGMAN CONSID/FLT INTEGRITY,2.130841121495327
HB-3,AGSM,2.215686274509804
HB-3,ARMAMENT SWITCHOLOGY/FENCE CHK,2.196078431372549
HB-3,BATTLE DAMAGE CHECK,2.2045454545454546
HB-3,BUTTERFLY SETUPS,2.2941176470588234
HB-3,COMMUNICATIONS,2.196078431372549
HB-3,CROSSUNDER,2.0
HB-3,DECISION MAKING/RISK MANAGEMENT,2.215686274509804
HB-3,DEPARTURE,2.235294117647059
HB-3,ECHELON,2.0
HB-3,EMERGENCY PROCEDURES,3.0
HB-3,FIGHT ANALYSIS,2.204081632653061
HB-3,FIGHTING WING,2.1136363636363638
HB-3,FINGERTIP,2.235294117647059
HB-3,FLIGHT COORDINATION,2.142857142857143
HB-3,FORMATION APPROACH (WING),2.0
HB-3,FORMATION TAKEOFF (WING),2.2
HB-3,FOUR-SHIP FORMATION - BASIC,2.0
HB-3,FOUR-SHIP FORMATION - TACTICAL,2.1666666666666665
HB-3,FUEL MANAGEMENT,2.3617021276595747
HB-3,G-AWARENESS,2.0588235294117645
HB-3,G-AWARENESS TURNS,2.156862745098039
HB-3,GROUND OPERATIONS,2.196078431372549
HB-3,INSTRUMENT TRAIL DEPARTURE,2.0
HB-3,MANEUVER MECHANICS,1.9215686274509804
HB-3,MANEUVER SELECTION,2.16
HB-3,MISSED APPROACH,2.0
HB-3,MISSION ANALYSIS,2.25
HB-3,MISSION PLANNING/BRIEFING/DEBRIEFING,2.3404255319148937
HB-3,NO FLAP APPROACH/LANDING,2.0
HB-3,NON-PRECISION APPROACH (HUD ON/OFF),2.0
HB-3,NORMAL LANDING,2.2222222222222223
HB-3,NORMAL PATTERN,2.21875
HB-3,PENETRATION,2.0
HB-3,PRECISION APPROACH (HUD ON/OFF),2.1666666666666665
HB-3,REJOINS,2.08
HB-3,RETURN TO BASE (RTB) PROCEDURES,2.176470588235294
HB-3,ROUTE,2.24
HB-3,SIMULATED GUNSHOT,2.130434782608696
HB-3,SIMULATED IR MISSILE SHOT,2.272727272727273
HB-3,SITUATIONAL AWARENESS,1.9803921568627452
HB-3,TAKEOFF (SINGLE-SHIP),2.311111111111111
HB-3,TASK MANAGEMENT,2.215686274509804
HB-3,TWO-SHIP FORMATION -- TACTICAL,2.0869565217391304
HB-3,VISUAL SEARCH,2.196078431372549
HB-3,VISUAL SIGNALS,2.1956521739130435
HB-3,WEZ RECOGNITION,2.1875
HB-3,WINGMAN CONSID/FLT INTEGRITY,2.25
OB-1,ACM SETUPS,1.0
OB-1,AGSM,1.8458333333333334
OB-1,ARMAMENT SWITCHOLOGY/FENCE CHK,1.634095634095634
OB-1,BATTLE DAMAGE CHECK,1.5560344827586208
OB-1,BUTTERFLY SETUPS,2.0
OB-1,COMMUNICATIONS,1.5081632653061225
OB-1,CONVENTIONAL/TAC RANGE PROC/PATTERNS,2.0
OB-1,CROSSUNDER,1.897810218978102
OB-1,DECISION MAKING/RISK MANAGEMENT,1.6448979591836734
OB-1,DEFENSIVE RANGING/PURSUIT CURVE EXERCISE,1.0
OB-1,DEPARTURE,2.0308641975308643
OB-1,ECHELON,1.9038461538461537
OB-1,EMERGENCY PROCEDURES,2.9693877551020407
OB-1,ENERGY MANEUVERABILITY,1.6666666666666667
OB-1,ENGAGED / SUPPORT MANEUVERING,1.0
OB-1,ERROR ANALYSIS,2.0
OB-1,FIGHT ANALYSIS,1.1947483588621444
OB-1,FIGHTING WING,1.7692307692307692
OB-1,FINGERTIP,1.8228941684665227
OB-1,FLIGHT COORDINATION,1.738255033557047
OB-1,FORMATION APPROACH (WING),2.0
OB-1,FORMATION TAKEOFF (WING),1.8656716417910448
OB-1,FUEL MANAGEMENT,1.6639344262295082
OB-1,G-AWARENESS,1.8434237995824634
OB-1,G-AWARENESS TURNS,1.7130977130977132
OB-1,GROUND OPERATIONS,2.0142857142857142
OB-1,HEAT-TO-GUNS EXERCISE,2.0
OB-1,HIGH ANGLE GUN/SEPARATION EXERCISE,1.0
OB-1,HIGH/LOW-SPEED DIVE RECOVERY,2.0
OB-1,INSTRUMENT TRAIL DEPARTURE,2.1
OB-1,JINK EXERCISE,1.0
OB-1,LEAD TURN EXERCISE,1.0
OB-1,LOST WINGMAN PROCEDURES,0.6666666666666666
OB-1,MANEUVER MECHANICS,1.1198738170347002
OB-1,MANEUVER MECHANICS (OBFM),1.1571428571428573
OB-1,MANEUVER SELECTION,1.2397476340694007
OB-1,MANEUVER SELECTION (OBFM),1.2642857142857142
OB-1,MISSED APPROACH,2.0
OB-1,MISSION ANALYSIS,1.8877551020408163
OB-1,MISSION PLANNING/BRIEFING/DEBRIEFING,1.9844961240310077
OB-1,MUTUAL SUPPORT COMMUNICATION (3-1),2.0
OB-1,NO FLAP APPROACH/LANDING,1.9655172413793103
OB-1,NON-PRECISION APPROACH (HUD ON/OFF),2.108108108108108
OB-1,NORMAL LANDING,2.034632034632035
OB-1,NORMAL PATTERN,2.034229828850856
OB-1,PENETRATION,2.0
OB-1,PERCH SETUPS,1.5010893246187365
OB-1,PRECISION APPROACH (HUD ON/OFF),1.9870129870129871
OB-1,QUARTER-PLANE EXERCISE,1.2971698113207548
OB-1,REJOINS,1.7069672131147542
OB-1,RETURN TO BASE (RTB) PROCEDURES,1.7876288659793815
OB-1,REVERSAL / SCISSORS EXERCISE,1.0
OB-1,ROLE ESTABLISHMENT/CONTRACT EXECUTION,2.0
OB-1,ROUTE,1.8272921108742004
OB-1,SAFE ESCAPE MANEUVER,2.0
OB-1,SIMULATED GUNSHOT,1.315217391304348
OB-1,SIMULATED IR MISSILE SHOT,1.1542168674698796
OB-1,SINGLE ENGINE APPROACH/LANDING,2.0425531914893615
OB-1,SINGLE ENGINE GO-AROUND,2.0
OB-1,SINGLE-SHIP JINK EXERCISE,2.0
OB-1,SITUATIONAL AWARENESS,1.5530612244897959
OB-1,TACS/JFIRE PROCEDURES,1.0
OB-1,TAKEOFF (SINGLE-SHIP),2.039719626168224
OB-1,TASK MANAGEMENT,1.5591836734693878
OB-1,THREAT REACTIONS,1.0
OB-1,TWO-SHIP FORMATION -- TACTICAL,1.3831578947368421
OB-1,TWO-SHIP MUTUAL SUPPORT,2.0
OB-1,VISUAL SEARCH,1.7535934291581108
OB-1,VISUAL SIGNALS,1.8025210084033614
OB-1,WEAPONS DELIVERY EVENTS/PARAMETERS,2.0
OB-1,WEAPONS EMPLOYMENT,1.5
OB-1,WEZ RECOGNITION,1.2841409691629957
OB-1,WINGMAN CONSID/FLT INTEGRITY,1.6636904761904763
OB-2,AGSM,2.0257936507936507
OB-2,ARMAMENT SWITCHOLOGY/FENCE CHK,2.0553359683794468
OB-2,BATTLE DAMAGE CHECK,2.0286298568507157
OB-2,BREAK TURN/ACCELERATED STALL,1.0
OB-2,COMMUNICATIONS,1.7176470588235293
OB-2,CROSSUNDER,2.012422360248447
OB-2,DECISION MAKING/RISK MANAGEMENT,1.7269155206286837
OB-2,DEPARTURE,2.0554455445544555
OB-2,ECHELON,2.027972027972028
OB-2,EMERGENCY PROCEDURES,2.974559686888454
OB-2,ENERGY MANEUVERABILITY,1.0
OB-2,FIGHT ANALYSIS,1.3910386965376782
OB-2,FIGHTING WING,2.0300429184549356
OB-2,FINGERTIP,2.0861723446893787
OB-2,FLIGHT COORDINATION,1.8271604938271604
OB-2,FORMATION APPROACH (WING),1.9802259887005649
OB-2,FORMATION TAKEOFF (WING),1.9855072463768115
OB-2,FOUR-SHIP FORMATION - BASIC,2.0
OB-2,FOUR-SHIP FORMATION - TACTICAL,1.0
OB-2,FUEL MANAGEMENT,2.049407114624506
OB-2,G-AWARENESS,1.9861932938856015
OB-2,G-AWARENESS TURNS,2.0574257425742575
OB-2,GROUND OPERATIONS,2.0549019607843135
OB-2,HIGH/LOW-SPEED DIVE RECOVERY,1.0
OB-2,INSTRUMENT TRAIL DEPARTURE,2.0625
OB-2,LOST WINGMAN PROCEDURES,2.0
OB-2,MANEUVER MECHANICS,1.2822822822822824
OB-2,MANEUVER MECHANICS (OBFM),1.270440251572327
OB-2,MANEUVER SELECTION,1.3993993993993994
OB-2,MANEUVER SELECTION (OBFM),1.4177215189873418
OB-2,MISSED APPROACH,2.0
OB-2,MISSION ANALYSIS,2.1481481481481484
OB-2,MISSION PLANNING/BRIEFING/DEBRIEFING,2.2406015037593985
OB-2,NO FLAP APPROACH/LANDING,1.95
OB-2,NON-PRECISION APPROACH (HUD ON/OFF),1.9333333333333333
OB-2,NORMAL LANDING,2.03125
OB-2,NORMAL PATTERN,2.0596026490066226
OB-2,PENETRATION,2.0
OB-2,PERCH SETUPS,1.7535641547861507
OB-2,PRECISION APPROACH (HUD ON/OFF),2.1702127659574466
OB-2,QUARTER-PLANE EXERCISE,1.0
OB-2,REJOINS,2.009671179883946
OB-2,RETURN TO BASE (RTB) PROCEDURES,2.0553359683794468
OB-2,ROUTE,2.0555555555555554
OB-2,SIMULATED GUNSHOT,1.4442148760330578
OB-2,SIMULATED IR MISSILE SHOT,1.455128205128205
OB-2,SINGLE ENGINE APPROACH/LANDING,2.05
OB-2,SINGLE-SHIP JINK EXERCISE,1.0
OB-2,SITUATIONAL AWARENESS,1.5972495088408645
OB-2,TAKEOFF (SINGLE-SHIP),2.1043478260869564
OB-2,TASK MANAGEMENT,1.6601178781925343
OB-2,TWO-SHIP FORMATION -- TACTICAL,1.5483234714003944
OB-2,VISUAL SEARCH,2.007889546351085
OB-2,VISUAL SIGNALS,2.0376237623762377
OB-2,WEZ RECOGNITION,1.4371134020618557
OB-2,WINGMAN CONSID/FLT INTEGRITY,1.7797101449275363
OB-3,AGSM,2.0476190476190474
OB-3,ARMAMENT SWITCHOLOGY/FENCE CHK,2.0429184549356223
OB-3,BATTLE DAMAGE CHECK,2.036036036036036
OB-3,COMMUNICATIONS,1.83402489626556
OB-3,CROSSUNDER,2.0878378378378377
OB-3,DECISION MAKING/RISK MANAGEMENT,1.8692946058091287
OB-3,DEFENSIVE RANGING/PURSUIT CURVE EXERCISE,3.0
OB-3,DEPARTURE,2.0610526315789475
OB-3,ECHELON,2.0833333333333335
OB-3,EMERGENCY PROCEDURES,2.9730290456431536
OB-3,FIGHT ANALYSIS,1.610738255033557
OB-3,FIGHTING WING,2.018957345971564
OB-3,FINGERTIP,2.07725321888412
OB-3,FLIGHT COORDINATION,1.9705882352941178
OB-3,FORMATION APPROACH (WING),2.0921052631578947
OB-3,FORMATION TAKEOFF (WING),2.12540192926045
OB-3,FOUR-SHIP FORMATION - BASIC,2.066666666666667
OB-3,FOUR-SHIP FORMATION - TACTICAL,1.9782608695652173
OB-3,FUEL MANAGEMENT,2.071578947368421
OB-3,G-AWARENESS,2.002159827213823
OB-3,G-AWARENESS TURNS,2.041304347826087
OB-3,GROUND OPERATIONS,2.0643153526970957
OB-3,INSTRUMENT TRAIL DEPARTURE,2.076923076923077
OB-3,LOST WINGMAN PROCEDURES,2.0
OB-3,MANEUVER MECHANICS,1.3993174061433447
OB-3,MANEUVER MECHANICS (OBFM),1.5096774193548388
OB-3,MANEUVER SELECTION,1.6723549488054608
OB-3,MANEUVER SELECTION (OBFM),1.696774193548387
OB-3,MISSED APPROACH,2.142857142857143
OB-3,MISSION ANALYSIS,2.2336448598130842
OB-3,MISSION PLANNING/BRIEFING/DEBRIEFING,2.269541778975741
OB-3,MUTUAL SUPPORT COMMUNICATION (3-1),2.0
OB-3,NO FLAP APPROACH/LANDING,2.03125
OB-3,NON-PRECISION APPROACH (HUD ON/OFF),1.9333333333333333
OB-3,NORMAL LANDING,2.032828282828283
OB-3,NORMAL PATTERN,1.9746835443037976
OB-3,PERCH SETUPS,1.8752783964365256
OB-3,PRECISION APPROACH (HUD ON/OFF),2.169811320754717
OB-3,QUARTER-PLANE EXERCISE,1.1428571428571428
OB-3,REJOINS,2.018867924528302
OB-3,RETURN TO BASE (RTB) PROCEDURES,2.0712788259958073
OB-3,ROUTE,2.0618336886993602
OB-3,SIMULATED GUNSHOT,1.6339285714285714
OB-3,SIMULATED IR MISSILE SHOT,1.591743119266055
OB-3,SINGLE ENGINE APPROACH/LANDING,2.2
OB-3,SITUATIONAL AWARENESS,1.6991701244813278
OB-3,TAKEOFF (SINGLE-SHIP),2.1027027027027025
OB-3,TASK MANAGEMENT,1.8070539419087137
OB-3,TWO-SHIP FORMATION -- TACTICAL,1.9639065817409767
OB-3,VISUAL SEARCH,2.0376569037656904
OB-3,VISUAL SIGNALS,2.055084745762712
OB-3,WEZ RECOGNITION,1.654708520179372
OB-3,WINGMAN CONSID/FLT INTEGRITY,1.8709677419354838
OB-4,AGSM,2.085308056872038
OB-4,ARMAMENT SWITCHOLOGY/FENCE CHK,2.107728337236534
OB-4,BATTLE DAMAGE CHECK,2.0887290167865706
OB-4,BREAK TURN/ACCELERATED STALL,1.0
OB-4,COMMUNICATIONS,2.1570438799076213
OB-4,CROSSUNDER,2.0588235294117645
OB-4,DECISION MAKING/RISK MANAGEMENT,2.1016166281755195
OB-4,DEPARTURE,2.0925925925925926
OB-4,ECHELON,2.0618556701030926
OB-4,EMERGENCY PROCEDURES,2.9838709677419355
OB-4,ENERGY MANEUVERABILITY,1.0
OB-4,FIGHT ANALYSIS,2.116788321167883
OB-4,FIGHTING WING,2.091644204851752
OB-4,FINGERTIP,2.103864734299517
OB-4,FLIGHT COORDINATION,2.1533333333333333
OB-4,FORMATION APPROACH (WING),2.0
OB-4,FORMATION TAKEOFF (WING),2.1176470588235294
OB-4,FOUR-SHIP FORMATION - BASIC,2.057142857142857
OB-4,FOUR-SHIP FORMATION - TACTICAL,1.9811320754716981
OB-4,FUEL MANAGEMENT,2.2193995381062357
OB-4,G-AWARENESS,2.0377358490566038
OB-4,G-AWARENESS TURNS,2.078014184397163
OB-4,GROUND OPERATIONS,2.1501154734411085
OB-4,HIGH/LOW-SPEED DIVE RECOVERY,1.0
OB-4,INSTRUMENT TRAIL DEPARTURE,2.142857142857143
OB-4,LOST WINGMAN PROCEDURES,2.0
OB-4,MANEUVER MECHANICS,2.0327272727272727
OB-4,MANEUVER MECHANICS (OBFM),2.1007194244604315
OB-4,MANEUVER SELECTION,2.208791208791209
OB-4,MANEUVER SELECTION (OBFM),2.115107913669065
OB-4,MISSED APPROACH,2.3333333333333335
OB-4,MISSION ANALYSIS,2.2736842105263158
OB-4,MISSION PLANNING/BRIEFING/DEBRIEFING,2.370149253731343
OB-4,NO FLAP APPROACH/LANDING,1.6428571428571428
OB-4,NON-PRECISION APPROACH (HUD ON/OFF),1.962962962962963
OB-4,NORMAL LANDING,2.11
OB-4,NORMAL PATTERN,2.08187134502924
OB-4,PENETRATION,2.0
OB-4,PERCH SETUPS,2.2115384615384617
OB-4,PRECISION APPROACH (HUD ON/OFF),2.0
OB-4,QUARTER-PLANE EXERCISE,1.0
OB-4,REJOINS,2.074418604651163
OB-4,RETURN TO BASE (RTB) PROCEDURES,2.136258660508083
OB-4,ROUTE,2.0917874396135265
OB-4,SIMULATED GUNSHOT,2.135265700483092
OB-4,SIMULATED IR MISSILE SHOT,2.117359413202934
OB-4,SINGLE ENGINE APPROACH/LANDING,2.0
OB-4,SINGLE ENGINE GO-AROUND,2.0
OB-4,SINGLE-SHIP JINK EXERCISE,1.0
OB-4,SITUATIONAL AWARENESS,2.0415704387990763
OB-4,TAKEOFF (SINGLE-SHIP),2.1506493506493505
OB-4,TASK MANAGEMENT,2.1177829099307157
OB-4,TWO-SHIP FORMATION -- TACTICAL,2.0350467289719627
OB-4,VISUAL SEARCH,2.1064814814814814
OB-4,VISUAL SIGNALS,2.068235294117647
OB-4,WEZ RECOGNITION,2.135135135135135
OB-4,WINGMAN CONSID/FLT INTEGRITY,2.1554770318021204
S-1,10-DEGREE LAHD POPUP,0.0
S-1,20-DEGREE LALD POPUP,0.0
S-1,AGSM,2.064837905236908
S-1,ARMAMENT SWITCHOLOGY/FENCE CHK,1.7121588089330024
S-1,BATTLE DAMAGE CHECK,2.037037037037037
S-1,BUTTERFLY SETUPS,2.0
S-1,CLIMBING SAFE-ESCAPE MANEUVER (CSEM),1.2551928783382789
S-1,COMMUNICATIONS,1.6440677966101696
S-1,CONVENTIONAL 10-DEGREE LAHD,1.2840579710144928
S-1,CONVENTIONAL 20-DEGREE LALD,1.273015873015873
S-1,CONVENTIONAL 30-DEGREE DB,1.2866666666666666
S-1,CONVENTIONAL/TAC RANGE PROC/PATTERNS,1.3766233766233766
S-1,CROSSUNDER,2.0294117647058822
S-1,DECISION MAKING/RISK MANAGEMENT,1.7427184466019416
S-1,DEPARTURE,2.0122850122850124
S-1,ECHELON,2.0
S-1,EMERGENCY PROCEDURES,2.9733009708737863
S-1,ERROR ANALYSIS,0.903485254691689
S-1,FIGHT ANALYSIS,2.0
S-1,FIGHTING WING,2.04
S-1,FINGERTIP,2.0632911392405062
S-1,FLIGHT COORDINATION,1.7804878048780488
S-1,FORMATION APPROACH (WING),2.125
S-1,FORMATION TAKEOFF (WING),2.1052631578947367
S-1,FOUR-SHIP FORMATION - BASIC,2.0776699029126213
S-1,FOUR-SHIP FORMATION - TACTICAL,1.950943396226415
S-1,FUEL MANAGEMENT,2.117359413202934
S-1,G-AWARENESS,2.054726368159204
S-1,G-AWARENESS TURNS,2.0447284345047922
S-1,GROUND OPERATIONS,2.0920096852300243
S-1,HIGH ANGLE STRAFE (HAS),1.4246575342465753
S-1,INSTRUMENT TRAIL DEPARTURE,2.0
S-1,LEVEL DELIVERY,0.0
S-1,LEVEL TURNING MANEUVER,1.1
S-1,LEVEL/POPUP RANGE,0.5
S-1,LOST WINGMAN PROCEDURES,2.0
S-1,MANEUVER MECHANICS,2.0
S-1,MANEUVER SELECTION,2.0
S-1,MISSED APPROACH,2.125
S-1,MISSION ANALYSIS,2.1818181818181817
S-1,MISSION PLANNING/BRIEFING/DEBRIEFING,2.208955223880597
S-1,NO FLAP APPROACH/LANDING,2.0
S-1,NON-PRECISION APPROACH (HUD ON/OFF),2.138888888888889
S-1,NORMAL LANDING,2.03125
S-1,NORMAL PATTERN,1.968888888888889
S-1,PENETRATION,2.0
S-1,PRECISION APPROACH (HUD ON/OFF),2.121212121212121
S-1,REJOINS,2.0302267002518892
S-1,RETURN TO BASE (RTB) PROCEDURES,2.0833333333333335
S-1,ROUTE,2.042713567839196
S-1,SAFE ESCAPE MANEUVER,1.5555555555555556
S-1,SINGLE ENGINE APPROACH/LANDING,2.0
S-1,SINGLE ENGINE GO-AROUND,2.0
S-1,SITUATIONAL AWARENESS,1.675544794188862
S-1,TAKEOFF (SINGLE-SHIP),2.1256544502617802
S-1,TASK MANAGEMENT,1.6650485436893203
S-1,TWO-SHIP FORMATION -- TACTICAL,2.0
S-1,VISUAL SEARCH,2.0831295843520783
S-1,VISUAL SIGNALS,2.0432569974554706
S-1,WEAPONS DELIVERY EVENTS/PARAMETERS,1.5833333333333333
S-1,WEZ RECOGNITION,2.0
S-1,WINGMAN CONSID/FLT INTEGRITY,1.7604166666666667
S-2,10-DEGREE LAHD POPUP,0.0
S-2,20-DEGREE LALD POPUP,0.0
S-2,AGSM,2.0976863753213366
S-2,ARMAMENT SWITCHOLOGY/FENCE CHK,2.128787878787879
S-2,BATTLE DAMAGE CHECK,2.0569105691056913
S-2,CLIMBING SAFE-ESCAPE MANEUVER (CSEM),2.0951008645533142
S-2,COMMUNICATIONS,1.9482758620689655
S-2,CONVENTIONAL 10-DEGREE LAHD,2.0898550724637683
S-2,CONVENTIONAL 20-DEGREE LALD,2.0877742946708464
S-2,CONVENTIONAL 30-DEGREE DB,2.03257328990228
S-2,CONVENTIONAL/TAC RANGE PROC/PATTERNS,2.1223958333333335
S-2,CROSSUNDER,2.04
S-2,DECISION MAKING/RISK MANAGEMENT,1.9729064039408868
S-2,DEPARTURE,2.0761421319796955
S-2,ECHELON,2.1
S-2,EMERGENCY PROCEDURES,2.9610705596107056
S-2,ERROR ANALYSIS,1.543010752688172
S-2,FIGHTING WING,2.0382978723404257
S-2,FINGERTIP,2.078590785907859
S-2,FLIGHT COORDINATION,2.0
S-2,FORMATION APPROACH (WING),1.75
S-2,FORMATION TAKEOFF (WING),2.1176470588235294
S-2,FOUR-SHIP FORMATION - BASIC,2.076923076923077
S-2,FOUR-SHIP FORMATION - TACTICAL,2.0489130434782608
S-2,FUEL MANAGEMENT,2.1712158808933
S-2,G-AWARENESS,2.079081632653061
S-2,G-AWARENESS TURNS,2.0757097791798107
S-2,GROUND OPERATIONS,2.1495098039215685
S-2,HIGH ANGLE STRAFE (HAS),2.06551724137931
S-2,INSTRUMENT TRAIL DEPARTURE,2.125
S-2,LEVEL DELIVERY,0.0
S-2,LEVEL TURNING MANEUVER,1.0
S-2,LEVEL/POPUP RANGE,0.0
S-2,LOST WINGMAN PROCEDURES,2.0
S-2,MISSED APPROACH,2.0
S-2,MISSION ANALYSIS,2.4
S-2,MISSION PLANNING/BRIEFING/DEBRIEFING,2.3017456359102244
S-2,NO FLAP APPROACH/LANDING,2.5
S-2,NON-PRECISION APPROACH (HUD ON/OFF),2.129032258064516
S-2,NORMAL LANDING,2.046070460704607
S-2,NORMAL PATTERN,2.015974440894569
S-2,PENETRATION,2.0
S-2,PRECISION APPROACH (HUD ON/OFF),2.1296296296296298
S-2,REJOINS,2.089430894308943
S-2,RETURN TO BASE (RTB) PROCEDURES,2.113861386138614
S-2,ROUTE,2.087912087912088
S-2,SAFE ESCAPE MANEUVER,2.142857142857143
S-2,SINGLE ENGINE APPROACH/LANDING,2.3333333333333335
S-2,SINGLE ENGINE GO-AROUND,2.0
S-2,SITUATIONAL AWARENESS,1.916256157635468
S-2,TAKEOFF (SINGLE-SHIP),2.1432225063938617
S-2,TASK MANAGEMENT,1.9261083743842364
S-2,TWO-SHIP FORMATION -- TACTICAL,2.0416666666666665
S-2,VISUAL SEARCH,2.1042183622828783
S-2,VISUAL SIGNALS,2.076923076923077
S-2,WEAPONS DELIVERY EVENTS/PARAMETERS,2.142857142857143
S-2,WINGMAN CONSID/FLT INTEGRITY,1.965034965034965
S-3,10 DEGREE LAHD POPUP,1.641025641025641
S-3,10-DEGREE LAHD POPUP,1.6692307692307693
S-3,20 DEGREE LALD POPUP,1.542857142857143
S-3,20-DEGREE LALD POPUP,1.5406504065040652
S-3,AGSM,2.0763157894736843
S-3,ARMAMENT SWITCHOLOGY/FENCE CHK,2.0895140664961636
S-3,BATTLE DAMAGE CHECK,2.0614525139664805
S-3,CLIMBING SAFE-ESCAPE MANEUVER (CSEM),1.9905956112852665
S-3,COMMUNICATIONS,1.778894472361809
S-3,CONVENTIONAL/TAC RANGE PROC/PATTERNS,1.9012345679012346
S-3,CROSSUNDER,2.064516129032258
S-3,DECISION MAKING/RISK MANAGEMENT,1.871536523929471
S-3,DEPARTURE,2.077120822622108
S-3,ECHELON,2.111111111111111
S-3,EMERGENCY PROCEDURES,2.992462311557789
S-3,ERROR ANALYSIS,1.320754716981132
S-3,FIGHTING WING,2.0425531914893615
S-3,FINGERTIP,2.0591549295774647
S-3,FLIGHT COORDINATION,1.9421487603305785
S-3,FORMATION APPROACH (WING),2.0
S-3,FORMATION TAKEOFF (WING),2.1176470588235294
S-3,FOUR-SHIP FORMATION - BASIC,2.0145985401459856
S-3,FOUR-SHIP FORMATION - TACTICAL,2.037837837837838
S-3,FUEL MANAGEMENT,2.1367088607594935
S-3,G-AWARENESS,2.0861618798955615
S-3,G-AWARENESS TURNS,2.0638977635782747
S-3,GROUND OPERATIONS,2.1284634760705288
S-3,HIGH ANGLE STRAFE (HAS),2.0714285714285716
S-3,INSTRUMENT TRAIL DEPARTURE,2.0
S-3,LEVEL DELIVERY,1.710914454277286
S-3,LEVEL TURNING MANEUVER,1.576470588235294
S-3,LEVEL/POPUP RANGE,1.5075075075075075
S-3,LEVEL/POPUP RANGE PROC/PATTERNS,1.875
S-3,LONG RANGE STRAFE,1.6936936936936937
S-3,LOST WINGMAN PROCEDURES,2.0
S-3,MISSED APPROACH,1.75
S-3,MISSION ANALYSIS,2.0
S-3,MISSION PLANNING/BRIEFING/DEBRIEFING,2.317948717948718
S-3,NO FLAP APPROACH/LANDING,2.0
S-3,NON-PRECISION APPROACH (HUD ON/OFF),2.2127659574468086
S-3,NORMAL LANDING,2.066473988439306
S-3,NORMAL PATTERN,2.0232558139534884
S-3,PRECISION APPROACH (HUD ON/OFF),2.157142857142857
S-3,REJOINS,2.0436046511627906
S-3,RETURN TO BASE (RTB) PROCEDURES,2.0609137055837565
S-3,ROUTE,2.064139941690962
S-3,SAFE ESCAPE MANEUVER,1.8857142857142857
S-3,SINGLE ENGINE APPROACH/LANDING,2.0
S-3,SINGLE ENGINE GO-AROUND,2.0
S-3,SITUATIONAL AWARENESS,1.801007556675063
S-3,TAKEOFF (SINGLE-SHIP),2.1344086021505375
S-3,TASK MANAGEMENT,1.7934508816120907
S-3,TWO-SHIP FORMATION -- TACTICAL,2.0157232704402515
S-3,VISUAL SEARCH,2.095959595959596
S-3,VISUAL SIGNALS,2.0684931506849313
S-3,WEAPONS DELIVERY EVENTS/PARAMETERS,1.8888888888888888
S-3,WINGMAN CONSID/FLT INTEGRITY,1.8970588235294117
S-4,10 DEGREE LAHD POPUP,2.2051282051282053
S-4,10-DEGREE LAHD,2.0
S-4,10-DEGREE LAHD POPUP,2.2322097378277155
S-4,20 DEGREE LALD POPUP,2.1076923076923078
S-4,20-DEGREE LALD,3.0
S-4,20-DEGREE LALD POPUP,2.165991902834008
S-4,AGSM,2.146529562982005
S-4,ARMAMENT SWITCHOLOGY/FENCE CHK,2.151898734177215
S-4,BASIC RANGE PROCEDURES AND PATTERNS,3.0
S-4,BATTLE DAMAGE CHECK,2.1038251366120218
S-4,CLIMBING SAFE-ESCAPE MANEUVER (CSEM),2.210727969348659
S-4,COMMUNICATIONS,2.162907268170426
S-4,CONVENTIONAL 10-DEGREE LAHD,2.0
S-4,CONVENTIONAL 20-DEGREE LALD,2.0
S-4,CONVENTIONAL/TAC RANGE PROC/PATTERNS,2.16
S-4,CROSSUNDER,2.037037037037037
S-4,DECISION MAKING/RISK MANAGEMENT,2.1528822055137846
S-4,DEPARTURE,2.176470588235294
S-4,ECHELON,2.04
S-4,EMERGENCY PROCEDURES,2.979949874686717
S-4,ERROR ANALYSIS,1.793103448275862
S-4,FIGHTING WING,2.118942731277533
S-4,FINGERTIP,2.1126373626373627
S-4,FLIGHT COORDINATION,2.1779661016949152
S-4,FORMATION APPROACH (WING),2.0
S-4,FORMATION TAKEOFF (WING),2.235294117647059
S-4,FOUR-SHIP FORMATION - BASIC,2.079136690647482
S-4,FOUR-SHIP FORMATION - TACTICAL,2.0813953488372094
S-4,FUEL MANAGEMENT,2.230576441102757
S-4,G-AWARENESS,2.1432225063938617
S-4,G-AWARENESS TURNS,2.138364779874214
S-4,GROUND OPERATIONS,2.2075
S-4,HIGH ANGLE STRAFE (HAS),2.1578947368421053
S-4,INSTRUMENT TRAIL DEPARTURE,2.1666666666666665
S-4,LEVEL DELIVERY,2.2047477744807122
S-4,LEVEL TURNING MANEUVER,2.23321554770318
S-4,LEVEL/POPUP RANGE,2.191044776119403
S-4,LEVEL/POPUP RANGE PROC/PATTERNS,2.0
S-4,LONG RANGE STRAFE,2.1296296296296298
S-4,LOST WINGMAN PROCEDURES,2.0
S-4,MISSED APPROACH,2.3333333333333335
S-4,MISSION ANALYSIS,2.111111111111111
S-4,MISSION PLANNING/BRIEFING/DEBRIEFING,2.3861892583120206
S-4,NO FLAP APPROACH/LANDING,2.0
S-4,NON-PRECISION APPROACH (HUD ON/OFF),2.1176470588235294
S-4,NORMAL LANDING,2.0868347338935576
S-4,NORMAL PATTERN,2.083076923076923
S-4,PENETRATION,2.0
S-4,PRECISION APPROACH (HUD ON/OFF),2.2285714285714286
S-4,REJOINS,2.1076487252124645
S-4,RETURN TO BASE (RTB) PROCEDURES,2.154040404040404
S-4,ROUTE,2.1174785100286533
S-4,SAFE ESCAPE MANEUVER,2.342857142857143
S-4,SINGLE ENGINE APPROACH/LANDING,2.5
S-4,SITUATIONAL AWARENESS,2.1403508771929824
S-4,TAKEOFF (SINGLE-SHIP),2.2159383033419022
S-4,TASK MANAGEMENT,2.1654135338345863
S-4,TWO-SHIP FORMATION -- TACTICAL,2.0920245398773005
S-4,VISUAL SEARCH,2.1979949874686717
S-4,VISUAL SIGNALS,2.1193633952254642
S-4,WEAPONS DELIVERY EVENTS/PARAMETERS,2.257142857142857
S-4,WINGMAN CONSID/FLT INTEGRITY,2.1805054151624548
S-5C,10-DEGREE LAHD POPUP,2.6666666666666665
S-5C,20-DEGREE LALD POPUP,2.6666666666666665
S-5C,AGSM,2.3333333333333335
S-5C,ARMAMENT SWITCHOLOGY/FENCE CHK,2.0
S-5C,BATTLE DAMAGE CHECK,2.3333333333333335
S-5C,CLIMBING SAFE-ESCAPE MANEUVER (CSEM),3.0
S-5C,COMMUNICATIONS,2.6666666666666665
S-5C,CONVENTIONAL/TAC RANGE PROC/PATTERNS,2.0
S-5C,DECISION MAKING/RISK MANAGEMENT,2.3333333333333335
S-5C,DEPARTURE,2.3333333333333335
S-5C,EMERGENCY PROCEDURES,3.0
S-5C,ERROR ANALYSIS,2.6666666666666665
S-5C,FIGHTING WING,2.0
S-5C,FINGERTIP,2.0
S-5C,FORMATION TAKEOFF (WING),2.0
S-5C,FOUR-SHIP FORMATION - BASIC,2.0
S-5C,FOUR-SHIP FORMATION - TACTICAL,2.0
S-5C,FUEL MANAGEMENT,2.3333333333333335
S-5C,G-AWARENESS,2.3333333333333335
S-5C,G-AWARENESS TURNS,2.3333333333333335
S-5C,GROUND OPERATIONS,2.3333333333333335
S-5C,LEVEL DELIVERY,2.3333333333333335
S-5C,LEVEL TURNING MANEUVER,3.0
S-5C,LEVEL/POPUP RANGE,3.0
S-5C,LONG RANGE STRAFE,2.3333333333333335
S-5C,MISSION PLANNING/BRIEFING/DEBRIEFING,2.3333333333333335
S-5C,NO FLAP APPROACH/LANDING,2.0
S-5C,NORMAL LANDING,2.0
S-5C,NORMAL PATTERN,2.0
S-5C,REJOINS,2.0
S-5C,RETURN TO BASE (RTB) PROCEDURES,2.0
S-5C,ROUTE,2.0
S-5C,SITUATIONAL AWARENESS,2.3333333333333335
S-5C,TAKEOFF (SINGLE-SHIP),2.6666666666666665
S-5C,TASK MANAGEMENT,2.3333333333333335
S-5C,TWO-SHIP FORMATION -- TACTICAL,2.0
S-5C,VISUAL SEARCH,2.3333333333333335
S-5C,VISUAL SIGNALS,2.0
S-5C,WINGMAN CONSID/FLT INTEGRITY,2.3333333333333335
SAT-1,AGSM,2.163265306122449
SAT-1,ARMAMENT SWITCHOLOGY/FENCE CHK,2.1926910299003324
SAT-1,BASIC RANGE PROCEDURES AND PATTERNS,2.099476439790576
SAT-1,BATTLE DAMAGE CHECK,2.1639344262295084
SAT-1,BUTTERFLY SETUPS,2.0
SAT-1,COMMUNICATIONS,2.0
SAT-1,CONVENTIONAL/TAC RANGE PROC/PATTERNS,2.0
SAT-1,CROSSUNDER,2.2580645161290325
SAT-1,DECISION MAKING/RISK MANAGEMENT,2.019543973941368
SAT-1,DEPARTURE,2.2706270627062706
SAT-1,ECHELON,2.25
SAT-1,EMERGENCY PROCEDURES,2.9805194805194803
SAT-1,ERROR ANALYSIS,1.875
SAT-1,FIGHT ANALYSIS,2.0
SAT-1,FIGHTING WING,2.1614583333333335
SAT-1,FINGERTIP,2.1781376518218623
SAT-1,FLIGHT COORDINATION,2.111111111111111
SAT-1,FORMATION APPROACH (WING),2.2
SAT-1,FORMATION TAKEOFF (WING),2.3333333333333335
SAT-1,FOUR-SHIP FORMATION - BASIC,2.0
SAT-1,FOUR-SHIP FORMATION - TACTICAL,2.0
SAT-1,FUEL MANAGEMENT,2.2688524590163937
SAT-1,G-AWARENESS,2.1554054054054053
SAT-1,G-AWARENESS TURNS,2.1597938144329896
SAT-1,GROUND OPERATIONS,2.241042345276873
SAT-1,INSTRUMENT TRAIL DEPARTURE,2.111111111111111
SAT-1,LOST WINGMAN PROCEDURES,2.0
SAT-1,MANEUVER MECHANICS,2.0
SAT-1,MANEUVER MECHANICS (OBFM),2.0
SAT-1,MANEUVER SELECTION,2.0
SAT-1,MANEUVER SELECTION (OBFM),2.0
SAT-1,MISSED APPROACH,2.257142857142857
SAT-1,MISSION ANALYSIS,2.0
SAT-1,MISSION PLANNING/BRIEFING/DEBRIEFING,2.419672131147541
SAT-1,NO FLAP APPROACH/LANDING,1.5714285714285714
SAT-1,NON-PRECISION APPROACH (HUD ON/OFF),2.2058823529411766
SAT-1,NORMAL LANDING,2.140845070422535
SAT-1,NORMAL PATTERN,2.1202531645569622
SAT-1,PENETRATION,2.1785714285714284
SAT-1,PERCH SETUPS,2.0
SAT-1,PRECISION APPROACH (HUD ON/OFF),2.1743119266055047
SAT-1,REJOINS,2.1785714285714284
SAT-1,RETURN TO BASE (RTB) PROCEDURES,2.19281045751634
SAT-1,ROUTE,2.1910569105691056
SAT-1,SAFE ESCAPE MANEUVER,2.1796610169491526
SAT-1,SIMULATED GUNSHOT,2.0
SAT-1,SIMULATED IR MISSILE SHOT,2.0
SAT-1,SINGLE ENGINE APPROACH/LANDING,2.2
SAT-1,SINGLE ENGINE GO-AROUND,2.0
SAT-1,SINGLE-SHIP JINK EXERCISE,1.0
SAT-1,SITUATIONAL AWARENESS,1.9348534201954397
SAT-1,TACS/JFIRE PROCEDURES,1.5352112676056338
SAT-1,TAKEOFF (SINGLE-SHIP),2.257425742574257
SAT-1,TASK MANAGEMENT,1.9315960912052117
SAT-1,THREAT REACTIONS,1.6284584980237153
SAT-1,TWO-SHIP FORMATION -- TACTICAL,2.078838174273859
SAT-1,TWO-SHIP MUTUAL SUPPORT,1.7385892116182573
SAT-1,VISUAL SEARCH,2.198019801980198
SAT-1,VISUAL SIGNALS,2.2086614173228347
SAT-1,WEAPONS DELIVERY EVENTS/PARAMETERS,2.0
SAT-1,WEAPONS EMPLOYMENT,1.6643598615916955
SAT-1,WEZ RECOGNITION,2.0
SAT-1,WINGMAN CONSID/FLT INTEGRITY,2.01025641025641
SAT-1B,AGSM,2.0
SAT-1B,ARMAMENT SWITCHOLOGY/FENCE CHK,2.0
SAT-1B,BASIC RANGE PROCEDURES AND PATTERNS,2.0
SAT-1B,BATTLE DAMAGE CHECK,2.0
SAT-1B,COMMUNICATIONS,2.0
SAT-1B,DECISION MAKING/RISK MANAGEMENT,2.0
SAT-1B,DEPARTURE,2.0
SAT-1B,EMERGENCY PROCEDURES,3.0
SAT-1B,FIGHTING WING,2.0
SAT-1B,FINGERTIP,2.0
SAT-1B,FLIGHT COORDINATION,1.8181818181818181
SAT-1B,FUEL MANAGEMENT,1.7272727272727273
SAT-1B,G-AWARENESS,2.0
SAT-1B,G-AWARENESS TURNS,2.0
SAT-1B,GROUND OPERATIONS,2.0
SAT-1B,MISSION ANALYSIS,2.25
SAT-1B,MISSION PLANNING/BRIEFING/DEBRIEFING,2.0
SAT-1B,NON-PRECISION APPROACH (HUD ON/OFF),2.0
SAT-1B,NORMAL LANDING,2.0
SAT-1B,NORMAL PATTERN,2.0
SAT-1B,PENETRATION,2.0
SAT-1B,PRECISION APPROACH (HUD ON/OFF),2.0
SAT-1B,REJOINS,2.0
SAT-1B,RETURN TO BASE (RTB) PROCEDURES,2.0
SAT-1B,ROUTE,2.0
SAT-1B,SAFE ESCAPE MANEUVER,2.2222222222222223
SAT-1B,SITUATIONAL AWARENESS,2.0
SAT-1B,TACS/JFIRE PROCEDURES,1.625
SAT-1B,TAKEOFF (SINGLE-SHIP),2.090909090909091
SAT-1B,TASK MANAGEMENT,1.8181818181818181
SAT-1B,THREAT REACTIONS,1.75
SAT-1B,TWO-SHIP FORMATION -- TACTICAL,2.0
SAT-1B,TWO-SHIP MUTUAL SUPPORT,1.7
SAT-1B,VISUAL SEARCH,2.0
SAT-1B,VISUAL SIGNALS,2.0
SAT-1B,WEAPONS EMPLOYMENT,1.4
SAT-2,AGSM,2.142857142857143
SAT-2,ARMAMENT SWITCHOLOGY/FENCE CHK,2.0714285714285716
SAT-2,BASIC RANGE PROCEDURES AND PATTERNS,2.142857142857143
SAT-2,BATTLE DAMAGE CHECK,2.142857142857143
SAT-2,COMMUNICATIONS,2.142857142857143
SAT-2,DECISION MAKING/RISK MANAGEMENT,2.2142857142857144
SAT-2,DEPARTURE,2.0
SAT-2,EMERGENCY PROCEDURES,3.0
SAT-2,FIGHTING WING,2.1818181818181817
SAT-2,FINGERTIP,2.2857142857142856
SAT-2,FLIGHT COORDINATION,2.0
SAT-2,FUEL MANAGEMENT,2.2857142857142856
SAT-2,G-AWARENESS,2.0714285714285716
SAT-2,G-AWARENESS TURNS,2.2222222222222223
SAT-2,GROUND OPERATIONS,2.2142857142857144
SAT-2,MISSION ANALYSIS,3.0
SAT-2,MISSION PLANNING/BRIEFING/DEBRIEFING,2.4615384615384617
SAT-2,NORMAL LANDING,2.1538461538461537
SAT-2,NORMAL PATTERN,2.1666666666666665
SAT-2,PRECISION APPROACH (HUD ON/OFF),2.0
SAT-2,REJOINS,2.2142857142857144
SAT-2,RETURN TO BASE (RTB) PROCEDURES,2.2142857142857144
SAT-2,ROUTE,2.2857142857142856
SAT-2,SAFE ESCAPE MANEUVER,2.0
SAT-2,SITUATIONAL AWARENESS,2.2142857142857144
SAT-2,TACS/JFIRE PROCEDURES,1.6666666666666667
SAT-2,TAKEOFF (SINGLE-SHIP),2.230769230769231
SAT-2,TASK MANAGEMENT,2.142857142857143
SAT-2,THREAT REACTIONS,1.6
SAT-2,TWO-SHIP FORMATION -- TACTICAL,2.076923076923077
SAT-2,TWO-SHIP MUTUAL SUPPORT,1.9285714285714286
SAT-2,VISUAL SEARCH,2.2142857142857144
SAT-2,VISUAL SIGNALS,2.2857142857142856
SAT-2,WEAPONS EMPLOYMENT,2.0
SAT-2,WINGMAN CONSID/FLT INTEGRITY,2.1666666666666665
