SYL_EVNT_NAME_NM,SYL_EVNT_ITM_NAME_NM,ITEM_GRADE_QY
ACM-1,ACM SETUPS,194
ACM-1,AGSM,199
ACM-1,ARMAMENT SWITCHOLOGY/FENCE CHK,199
ACM-1,BATTLE DAMAGE CHECK,192
ACM-1,COMMUNICATIONS,201
ACM-1,CONVENTIONAL/TAC RANGE PROC/PATTERNS,1
ACM-1,CROSSUNDER,14
ACM-1,DECISION MAKING/RISK MANAGEMENT,201
ACM-1,DEPARTURE,195
ACM-1,ECHELON,14
ACM-1,EMERGENCY PROCEDURES,201
ACM-1,ENGAGED / SUPPORT MANEUVERING,194
ACM-1,ERROR ANALYSIS,1
ACM-1,FIGHT ANALYSIS,3
ACM-1,FIGHTING WING,125
ACM-1,FINGERTIP,191
ACM-1,FLIGHT COORDINATION,61
ACM-1,FORMATION APPROACH (WING),5
ACM-1,FORMATION TAKEOFF (WING),22
ACM-1,FOUR-SHIP FORMATION - BASIC,180
ACM-1,FOUR-SHIP FORMATION - TACTICAL,181
ACM-1,FUEL MANAGEMENT,199
ACM-1,G-AWARENESS,199
ACM-1,G-AWARENESS TURNS,199
ACM-1,GROUND OPERATIONS,201
ACM-1,HEAT-TO-GUNS EXERCISE,1
ACM-1,INSTRUMENT TRAIL DEPARTURE,10
ACM-1,MANEUVER MECHANICS,2
ACM-1,MANEUVER MECHANICS (OBFM),2
ACM-1,MANEUVER SELECTION,2
ACM-1,MANEUVER SELECTION (OBFM),2
ACM-1,MISSED APPROACH,2
ACM-1,MISSION ANALYSIS,1
ACM-1,MISSION PLANNING/BRIEFING/DEBRIEFING,200
ACM-1,MUTUAL SUPPORT COMMUNICATION (3-1),195
ACM-1,NO FLAP APPROACH/LANDING,1
ACM-1,NON-PRECISION APPROACH (HUD ON/OFF),11
ACM-1,NORMAL LANDING,193
ACM-1,NORMAL PATTERN,160
ACM-1,PENETRATION,1
ACM-1,PRECISION APPROACH (HUD ON/OFF),17
ACM-1,REJOINS,193
ACM-1,RETURN TO BASE (RTB) PROCEDURES,199
ACM-1,ROLE ESTABLISHMENT/CONTRACT EXECUTION,194
ACM-1,ROUTE,192
ACM-1,SAFE ESCAPE MANEUVER,2
ACM-1,SIMULATED GUNSHOT,4
ACM-1,SIMULATED IR MISSILE SHOT,13
ACM-1,SINGLE ENGINE APPROACH/LANDING,1
ACM-1,SINGLE ENGINE GO-AROUND,1
ACM-1,SITUATIONAL AWARENESS,201
ACM-1,TACS/JFIRE PROCEDURES,1
ACM-1,TAKEOFF (SINGLE-SHIP),182
ACM-1,TASK MANAGEMENT,201
ACM-1,THREAT REACTIONS,1
ACM-1,TWO-SHIP FORMATION -- TACTICAL,181
ACM-1,TWO-SHIP MUTUAL SUPPORT,1
ACM-1,VISUAL SEARCH,200
ACM-1,VISUAL SIGNALS,189
ACM-1,WEAPONS DELIVERY EVENTS/PARAMETERS,1
ACM-1,WEAPONS EMPLOYMENT,194
ACM-1,WEZ RECOGNITION,4
ACM-1,WINGMAN CONSID/FLT INTEGRITY,140
ACM-2,ACM SETUPS,170
ACM-2,AGSM,174
ACM-2,ARMAMENT SWITCHOLOGY/FENCE CHK,172
ACM-2,BATTLE DAMAGE CHECK,171
ACM-2,BUTTERFLY SETUPS,1
ACM-2,COMMUNICATIONS,174
ACM-2,CROSSUNDER,13
ACM-2,DECISION MAKING/RISK MANAGEMENT,174
ACM-2,DEPARTURE,171
ACM-2,ECHELON,13
ACM-2,EMERGENCY PROCEDURES,174
ACM-2,ENGAGED / SUPPORT MANEUVERING,170
ACM-2,FIGHT ANALYSIS,4
ACM-2,FIGHTING WING,117
ACM-2,FINGERTIP,168
ACM-2,FLIGHT COORDINATION,60
ACM-2,FORMATION APPROACH (WING),7
ACM-2,FORMATION TAKEOFF (WING),31
ACM-2,FOUR-SHIP FORMATION - BASIC,154
ACM-2,FOUR-SHIP FORMATION - TACTICAL,164
ACM-2,FUEL MANAGEMENT,174
ACM-2,G-AWARENESS,174
ACM-2,G-AWARENESS TURNS,174
ACM-2,GROUND OPERATIONS,174
ACM-2,INSTRUMENT TRAIL DEPARTURE,19
ACM-2,LOST WINGMAN PROCEDURES,4
ACM-2,MANEUVER MECHANICS,2
ACM-2,MANEUVER MECHANICS (OBFM),2
ACM-2,MANEUVER SELECTION (OBFM),2
ACM-2,MISSED APPROACH,3
ACM-2,MISSION ANALYSIS,1
ACM-2,MISSION PLANNING/BRIEFING/DEBRIEFING,173
ACM-2,MUTUAL SUPPORT COMMUNICATION (3-1),170
ACM-2,NO FLAP APPROACH/LANDING,3
ACM-2,NON-PRECISION APPROACH (HUD ON/OFF),7
ACM-2,NORMAL LANDING,164
ACM-2,NORMAL PATTERN,138
ACM-2,PENETRATION,5
ACM-2,PRECISION APPROACH (HUD ON/OFF),25
ACM-2,REJOINS,169
ACM-2,RETURN TO BASE (RTB) PROCEDURES,172
ACM-2,ROLE ESTABLISHMENT/CONTRACT EXECUTION,170
ACM-2,ROUTE,169
ACM-2,SIMULATED GUNSHOT,6
ACM-2,SIMULATED IR MISSILE SHOT,11
ACM-2,SINGLE ENGINE APPROACH/LANDING,3
ACM-2,SINGLE ENGINE GO-AROUND,3
ACM-2,SITUATIONAL AWARENESS,174
ACM-2,TAKEOFF (SINGLE-SHIP),150
ACM-2,TASK MANAGEMENT,174
ACM-2,TWO-SHIP FORMATION -- TACTICAL,150
ACM-2,VISUAL SEARCH,174
ACM-2,VISUAL SIGNALS,170
ACM-2,WEAPONS EMPLOYMENT,169
ACM-2,WEZ RECOGNITION,4
ACM-2,WINGMAN CONSID/FLT INTEGRITY,114
CAS-1,ACM SETUPS,1
CAS-1,AGSM,255
CAS-1,ARMAMENT SWITCHOLOGY/FENCE CHK,260
CAS-1,BASIC RANGE PROCEDURES AND PATTERNS,142
CAS-1,BATTLE DAMAGE CHECK,239
CAS-1,BREAK TURN/ACCELERATED STALL,1
CAS-1,BUTTERFLY SETUPS,1
CAS-1,COMMUNICATIONS,264
CAS-1,CONVENTIONAL/TAC RANGE PROC/PATTERNS,8
CAS-1,CROSSUNDER,46
CAS-1,DECISION MAKING/RISK MANAGEMENT,264
CAS-1,DEPARTURE,259
CAS-1,ECHELON,30
CAS-1,EMERGENCY PROCEDURES,264
CAS-1,ENERGY MANEUVERABILITY,1
CAS-1,ENGAGED / SUPPORT MANEUVERING,1
CAS-1,ERROR ANALYSIS,15
CAS-1,FIGHT ANALYSIS,2
CAS-1,FIGHTING WING,231
CAS-1,FINGERTIP,254
CAS-1,FLIGHT COORDINATION,86
CAS-1,FORMATION APPROACH (WING),6
CAS-1,FORMATION TAKEOFF (WING),13
CAS-1,FOUR-SHIP FORMATION - BASIC,6
CAS-1,FOUR-SHIP FORMATION - TACTICAL,5
CAS-1,FUEL MANAGEMENT,263
CAS-1,G-AWARENESS,254
CAS-1,G-AWARENESS TURNS,172
CAS-1,GROUND OPERATIONS,264
CAS-1,HEAT-TO-GUNS EXERCISE,1
CAS-1,HIGH/LOW-SPEED DIVE RECOVERY,1
CAS-1,INSTRUMENT TRAIL DEPARTURE,13
CAS-1,LEAD TURN EXERCISE,1
CAS-1,LOST WINGMAN PROCEDURES,4
CAS-1,MANEUVER MECHANICS,1
CAS-1,MANEUVER MECHANICS (OBFM),1
CAS-1,MANEUVER SELECTION,1
CAS-1,MANEUVER SELECTION (OBFM),1
CAS-1,MISSED APPROACH,12
CAS-1,MISSION ANALYSIS,5
CAS-1,MISSION PLANNING/BRIEFING/DEBRIEFING,259
CAS-1,MUTUAL SUPPORT COMMUNICATION (3-1),1
CAS-1,NO FLAP APPROACH/LANDING,7
CAS-1,NON-PRECISION APPROACH (HUD ON/OFF),21
CAS-1,NORMAL LANDING,255
CAS-1,NORMAL PATTERN,232
CAS-1,PENETRATION,20
CAS-1,PERCH SETUPS,1
CAS-1,PRECISION APPROACH (HUD ON/OFF),17
CAS-1,REJOINS,257
CAS-1,RETURN TO BASE (RTB) PROCEDURES,261
CAS-1,ROLE ESTABLISHMENT/CONTRACT EXECUTION,1
CAS-1,ROUTE,254
CAS-1,SAFE ESCAPE MANEUVER,94
CAS-1,SIMULATED GUNSHOT,1
CAS-1,SIMULATED IR MISSILE SHOT,1
CAS-1,SINGLE ENGINE APPROACH/LANDING,5
CAS-1,SINGLE ENGINE GO-AROUND,2
CAS-1,SINGLE-SHIP JINK EXERCISE,1
CAS-1,SITUATIONAL AWARENESS,264
CAS-1,TACS/JFIRE PROCEDURES,259
CAS-1,TAKEOFF (SINGLE-SHIP),257
CAS-1,TASK MANAGEMENT,264
CAS-1,THREAT REACTIONS,239
CAS-1,TWO-SHIP FORMATION -- TACTICAL,245
CAS-1,TWO-SHIP MUTUAL SUPPORT,259
CAS-1,VISUAL SEARCH,262
CAS-1,VISUAL SIGNALS,258
CAS-1,WEAPONS DELIVERY EVENTS/PARAMETERS,9
CAS-1,WEAPONS EMPLOYMENT,283
CAS-1,WEZ RECOGNITION,3
CAS-1,WINGMAN CONSID/FLT INTEGRITY,177
CAS-2,AGSM,5
CAS-2,ARMAMENT SWITCHOLOGY/FENCE CHK,5
CAS-2,BASIC RANGE PROCEDURES AND PATTERNS,2
CAS-2,BATTLE DAMAGE CHECK,4
CAS-2,COMMUNICATIONS,5
CAS-2,DECISION MAKING/RISK MANAGEMENT,5
CAS-2,DEPARTURE,5
CAS-2,EMERGENCY PROCEDURES,5
CAS-2,FIGHTING WING,4
CAS-2,FINGERTIP,4
CAS-2,FLIGHT COORDINATION,1
CAS-2,FUEL MANAGEMENT,5
CAS-2,G-AWARENESS,5
CAS-2,G-AWARENESS TURNS,4
CAS-2,GROUND OPERATIONS,5
CAS-2,INSTRUMENT TRAIL DEPARTURE,1
CAS-2,MISSION ANALYSIS,1
CAS-2,MISSION PLANNING/BRIEFING/DEBRIEFING,4
CAS-2,NORMAL LANDING,5
CAS-2,NORMAL PATTERN,3
CAS-2,PRECISION APPROACH (HUD ON/OFF),1
CAS-2,REJOINS,4
CAS-2,RETURN TO BASE (RTB) PROCEDURES,5
CAS-2,ROUTE,4
CAS-2,SAFE ESCAPE MANEUVER,1
CAS-2,SITUATIONAL AWARENESS,5
CAS-2,TACS/JFIRE PROCEDURES,4
CAS-2,TAKEOFF (SINGLE-SHIP),5
CAS-2,TASK MANAGEMENT,5
CAS-2,THREAT REACTIONS,4
CAS-2,TWO-SHIP FORMATION -- TACTICAL,5
CAS-2,TWO-SHIP MUTUAL SUPPORT,3
CAS-2,VISUAL SEARCH,5
CAS-2,VISUAL SIGNALS,4
CAS-2,WEAPONS EMPLOYMENT,4
CAS-2,WINGMAN CONSID/FLT INTEGRITY,4
DB-1,AGSM,466
DB-1,ARMAMENT SWITCHOLOGY/FENCE CHK,469
DB-1,BATTLE DAMAGE CHECK,457
DB-1,BUTTERFLY SETUPS,1
DB-1,COMMUNICATIONS,474
DB-1,CROSSUNDER,48
DB-1,DECISION MAKING/RISK MANAGEMENT,474
DB-1,DEFENSIVE RANGING/PURSUIT CURVE EXERCISE,411
DB-1,DEPARTURE,460
DB-1,ECHELON,24
DB-1,EMERGENCY PROCEDURES,474
DB-1,FIGHT ANALYSIS,441
DB-1,FIGHTING WING,426
DB-1,FINGERTIP,463
DB-1,FLIGHT COORDINATION,149
DB-1,FORMATION APPROACH (WING),83
DB-1,FORMATION TAKEOFF (WING),104
DB-1,FOUR-SHIP FORMATION - BASIC,108
DB-1,FOUR-SHIP FORMATION - TACTICAL,182
DB-1,FUEL MANAGEMENT,469
DB-1,G-AWARENESS,467
DB-1,G-AWARENESS TURNS,466
DB-1,GROUND OPERATIONS,473
DB-1,INSTRUMENT TRAIL DEPARTURE,23
DB-1,JINK EXERCISE,8
DB-1,LOST WINGMAN PROCEDURES,5
DB-1,MANEUVER MECHANICS,396
DB-1,MANEUVER MECHANICS (OBFM),48
DB-1,MANEUVER SELECTION,393
DB-1,MANEUVER SELECTION (OBFM),47
DB-1,MISSED APPROACH,6
DB-1,MISSION ANALYSIS,54
DB-1,MISSION PLANNING/BRIEFING/DEBRIEFING,457
DB-1,NO FLAP APPROACH/LANDING,22
DB-1,NON-PRECISION APPROACH (HUD ON/OFF),57
DB-1,NORMAL LANDING,398
DB-1,NORMAL PATTERN,232
DB-1,PENETRATION,2
DB-1,PERCH SETUPS,455
DB-1,PRECISION APPROACH (HUD ON/OFF),100
DB-1,REJOINS,459
DB-1,RETURN TO BASE (RTB) PROCEDURES,466
DB-1,REVERSAL / SCISSORS EXERCISE,429
DB-1,ROUTE,467
DB-1,SIMULATED GUNSHOT,21
DB-1,SIMULATED IR MISSILE SHOT,21
DB-1,SINGLE ENGINE APPROACH/LANDING,27
DB-1,SINGLE ENGINE GO-AROUND,1
DB-1,SITUATIONAL AWARENESS,474
DB-1,TAKEOFF (SINGLE-SHIP),370
DB-1,TASK MANAGEMENT,473
DB-1,TWO-SHIP FORMATION -- TACTICAL,469
DB-1,VISUAL SEARCH,470
DB-1,VISUAL SIGNALS,463
DB-1,WEZ RECOGNITION,433
DB-1,WINGMAN CONSID/FLT INTEGRITY,323
DB-2,AGSM,472
DB-2,ARMAMENT SWITCHOLOGY/FENCE CHK,475
DB-2,BATTLE DAMAGE CHECK,453
DB-2,COMMUNICATIONS,479
DB-2,CROSSUNDER,39
DB-2,DECISION MAKING/RISK MANAGEMENT,479
DB-2,DEFENSIVE RANGING/PURSUIT CURVE EXERCISE,2
DB-2,DEPARTURE,470
DB-2,ECHELON,21
DB-2,EMERGENCY PROCEDURES,480
DB-2,FIGHT ANALYSIS,447
DB-2,FIGHTING WING,414
DB-2,FINGERTIP,461
DB-2,FLIGHT COORDINATION,144
DB-2,FORMATION APPROACH (WING),27
DB-2,FORMATION TAKEOFF (WING),73
DB-2,FOUR-SHIP FORMATION - BASIC,118
DB-2,FOUR-SHIP FORMATION - TACTICAL,193
DB-2,FUEL MANAGEMENT,478
DB-2,G-AWARENESS,473
DB-2,G-AWARENESS TURNS,474
DB-2,GROUND OPERATIONS,479
DB-2,INSTRUMENT TRAIL DEPARTURE,53
DB-2,JINK EXERCISE,405
DB-2,LOST WINGMAN PROCEDURES,4
DB-2,MANEUVER MECHANICS,405
DB-2,MANEUVER MECHANICS (OBFM),43
DB-2,MANEUVER SELECTION,404
DB-2,MANEUVER SELECTION (OBFM),44
DB-2,MISSED APPROACH,9
DB-2,MISSION ANALYSIS,15
DB-2,MISSION PLANNING/BRIEFING/DEBRIEFING,465
DB-2,NO FLAP APPROACH/LANDING,31
DB-2,NON-PRECISION APPROACH (HUD ON/OFF),107
DB-2,NORMAL LANDING,397
DB-2,NORMAL PATTERN,169
DB-2,PENETRATION,2
DB-2,PERCH SETUPS,454
DB-2,PRECISION APPROACH (HUD ON/OFF),196
DB-2,REJOINS,457
DB-2,RETURN TO BASE (RTB) PROCEDURES,476
DB-2,REVERSAL / SCISSORS EXERCISE,4
DB-2,ROUTE,461
DB-2,SIMULATED GUNSHOT,20
DB-2,SIMULATED IR MISSILE SHOT,19
DB-2,SINGLE ENGINE APPROACH/LANDING,59
DB-2,SINGLE ENGINE GO-AROUND,3
DB-2,SITUATIONAL AWARENESS,479
DB-2,TAKEOFF (SINGLE-SHIP),417
DB-2,TASK MANAGEMENT,479
DB-2,TWO-SHIP FORMATION -- TACTICAL,474
DB-2,VISUAL SEARCH,477
DB-2,VISUAL SIGNALS,466
DB-2,WEZ RECOGNITION,447
DB-2,WINGMAN CONSID/FLT INTEGRITY,335
DB-3,AGSM,479
DB-3,ARMAMENT SWITCHOLOGY/FENCE CHK,480
DB-3,BATTLE DAMAGE CHECK,460
DB-3,COMMUNICATIONS,485
DB-3,CROSSUNDER,34
DB-3,DECISION MAKING/RISK MANAGEMENT,485
DB-3,DEFENSIVE RANGING/PURSUIT CURVE EXERCISE,2
DB-3,DEPARTURE,470
DB-3,ECHELON,20
DB-3,EMERGENCY PROCEDURES,485
DB-3,FIGHT ANALYSIS,463
DB-3,FIGHTING WING,421
DB-3,FINGERTIP,461
DB-3,FLIGHT COORDINATION,149
DB-3,FORMATION APPROACH (WING),14
DB-3,FORMATION TAKEOFF (WING),51
DB-3,FOUR-SHIP FORMATION - BASIC,111
DB-3,FOUR-SHIP FORMATION - TACTICAL,200
DB-3,FUEL MANAGEMENT,484
DB-3,G-AWARENESS,479
DB-3,G-AWARENESS TURNS,479
DB-3,GROUND OPERATIONS,485
DB-3,INSTRUMENT TRAIL DEPARTURE,27
DB-3,JINK EXERCISE,3
DB-3,LOST WINGMAN PROCEDURES,2
DB-3,MANEUVER MECHANICS,421
DB-3,MANEUVER MECHANICS (OBFM),42
DB-3,MANEUVER SELECTION,420
DB-3,MANEUVER SELECTION (OBFM),42
DB-3,MISSED APPROACH,19
DB-3,MISSION ANALYSIS,17
DB-3,MISSION PLANNING/BRIEFING/DEBRIEFING,468
DB-3,NO FLAP APPROACH/LANDING,43
DB-3,NON-PRECISION APPROACH (HUD ON/OFF),116
DB-3,NORMAL LANDING,409
DB-3,NORMAL PATTERN,194
DB-3,PENETRATION,3
DB-3,PERCH SETUPS,468
DB-3,PRECISION APPROACH (HUD ON/OFF),165
DB-3,REJOINS,469
DB-3,RETURN TO BASE (RTB) PROCEDURES,481
DB-3,REVERSAL / SCISSORS EXERCISE,3
DB-3,ROUTE,457
DB-3,SIMULATED GUNSHOT,12
DB-3,SIMULATED IR MISSILE SHOT,9
DB-3,SINGLE ENGINE APPROACH/LANDING,44
DB-3,SINGLE ENGINE GO-AROUND,3
DB-3,SITUATIONAL AWARENESS,485
DB-3,TAKEOFF (SINGLE-SHIP),440
DB-3,TASK MANAGEMENT,485
DB-3,TWO-SHIP FORMATION -- TACTICAL,476
DB-3,VISUAL SEARCH,482
DB-3,VISUAL SIGNALS,475
DB-3,WEZ RECOGNITION,465
DB-3,WINGMAN CONSID/FLT INTEGRITY,335
DB-4,AGSM,490
DB-4,ARMAMENT SWITCHOLOGY/FENCE CHK,495
DB-4,BATTLE DAMAGE CHECK,479
DB-4,COMMUNICATIONS,506
DB-4,CROSSUNDER,42
DB-4,DECISION MAKING/RISK MANAGEMENT,505
DB-4,DEFENSIVE RANGING/PURSUIT CURVE EXERCISE,1
DB-4,DEPARTURE,496
DB-4,ECHELON,29
DB-4,EMERGENCY PROCEDURES,507
DB-4,FIGHT ANALYSIS,475
DB-4,FIGHTING WING,430
DB-4,FINGERTIP,478
DB-4,FLIGHT COORDINATION,154
DB-4,FORMATION APPROACH (WING),6
DB-4,FORMATION TAKEOFF (WING),63
DB-4,FOUR-SHIP FORMATION - BASIC,96
DB-4,FOUR-SHIP FORMATION - TACTICAL,157
DB-4,FUEL MANAGEMENT,502
DB-4,G-AWARENESS,490
DB-4,G-AWARENESS TURNS,491
DB-4,GROUND OPERATIONS,507
DB-4,INSTRUMENT TRAIL DEPARTURE,27
DB-4,JINK EXERCISE,1
DB-4,LOST WINGMAN PROCEDURES,3
DB-4,MANEUVER MECHANICS,431
DB-4,MANEUVER MECHANICS (OBFM),46
DB-4,MANEUVER SELECTION,429
DB-4,MANEUVER SELECTION (OBFM),46
DB-4,MISSED APPROACH,4
DB-4,MISSION ANALYSIS,13
DB-4,MISSION PLANNING/BRIEFING/DEBRIEFING,493
DB-4,NO FLAP APPROACH/LANDING,7
DB-4,NON-PRECISION APPROACH (HUD ON/OFF),37
DB-4,NORMAL LANDING,471
DB-4,NORMAL PATTERN,377
DB-4,PENETRATION,2
DB-4,PERCH SETUPS,479
DB-4,PRECISION APPROACH (HUD ON/OFF),74
DB-4,REJOINS,491
DB-4,RETURN TO BASE (RTB) PROCEDURES,501
DB-4,REVERSAL / SCISSORS EXERCISE,1
DB-4,ROUTE,476
DB-4,SIMULATED GUNSHOT,34
DB-4,SIMULATED IR MISSILE SHOT,28
DB-4,SINGLE ENGINE APPROACH/LANDING,3
DB-4,SINGLE ENGINE GO-AROUND,1
DB-4,SITUATIONAL AWARENESS,505
DB-4,TAKEOFF (SINGLE-SHIP),451
DB-4,TASK MANAGEMENT,505
DB-4,TWO-SHIP FORMATION -- TACTICAL,495
DB-4,VISUAL SEARCH,501
DB-4,VISUAL SIGNALS,495
DB-4,WEZ RECOGNITION,475
DB-4,WINGMAN CONSID/FLT INTEGRITY,352
H-1,AGSM,490
H-1,ARMAMENT SWITCHOLOGY/FENCE CHK,490
H-1,BATTLE DAMAGE CHECK,60
H-1,BREAK TURN/ACCELERATED STALL,468
H-1,COMMUNICATIONS,506
H-1,DECISION MAKING/RISK MANAGEMENT,506
H-1,DEPARTURE,492
H-1,EM MANEUVERS,328
H-1,EMERGENCY PROCEDURES,506
H-1,ENERGY MANEUVERABILITY,146
H-1,ERROR ANALYSIS,1
H-1,FIGHTING WING,6
H-1,FINGERTIP,8
H-1,FLIGHT COORDINATION,147
H-1,FORMATION APPROACH (WING),5
H-1,FORMATION TAKEOFF (WING),6
H-1,FUEL MANAGEMENT,502
H-1,G-AWARENESS,491
H-1,G-AWARENESS TURNS,489
H-1,GROUND OPERATIONS,505
H-1,HIGH/LOW-SPEED DIVE RECOVERY,450
H-1,INSTRUMENT TRAIL DEPARTURE,6
H-1,MISSED APPROACH,383
H-1,MISSION ANALYSIS,65
H-1,MISSION PLANNING/BRIEFING/DEBRIEFING,363
H-1,NO FLAP APPROACH/LANDING,387
H-1,NON-PRECISION APPROACH (HUD ON/OFF),434
H-1,NORMAL LANDING,482
H-1,NORMAL PATTERN,436
H-1,PENETRATION,129
H-1,PRECISION APPROACH (HUD ON/OFF),338
H-1,REJOINS,9
H-1,RETURN TO BASE (RTB) PROCEDURES,505
H-1,ROUTE,8
H-1,SINGLE ENGINE APPROACH/LANDING,421
H-1,SINGLE ENGINE GO-AROUND,53
H-1,SINGLE-SHIP JINK EXERCISE,457
H-1,SITUATIONAL AWARENESS,506
H-1,TAKEOFF (SINGLE-SHIP),502
H-1,TASK MANAGEMENT,506
H-1,TWO-SHIP FORMATION -- TACTICAL,14
H-1,VISUAL SEARCH,473
H-1,VISUAL SIGNALS,13
H-1,WINGMAN CONSID/FLT INTEGRITY,192
HB-1,AGSM,430
HB-1,ARMAMENT SWITCHOLOGY/FENCE CHK,429
HB-1,BATTLE DAMAGE CHECK,412
HB-1,BUTTERFLY SETUPS,410
HB-1,COMMUNICATIONS,434
HB-1,CROSSUNDER,38
HB-1,DECISION MAKING/RISK MANAGEMENT,435
HB-1,DEPARTURE,425
HB-1,ECHELON,26
HB-1,EMERGENCY PROCEDURES,435
HB-1,ENERGY MANEUVERABILITY,1
HB-1,FIGHT ANALYSIS,401
HB-1,FIGHTING WING,382
HB-1,FINGERTIP,422
HB-1,FLIGHT COORDINATION,136
HB-1,FORMATION APPROACH (WING),9
HB-1,FORMATION TAKEOFF (WING),80
HB-1,FOUR-SHIP FORMATION - BASIC,66
HB-1,FOUR-SHIP FORMATION - TACTICAL,105
HB-1,FUEL MANAGEMENT,432
HB-1,G-AWARENESS,430
HB-1,G-AWARENESS TURNS,430
HB-1,GROUND OPERATIONS,433
HB-1,HIGH ANGLE GUN/SEPARATION EXERCISE,1
HB-1,INSTRUMENT TRAIL DEPARTURE,37
HB-1,LEAD TURN EXERCISE,382
HB-1,LOST WINGMAN PROCEDURES,4
HB-1,MANEUVER MECHANICS,412
HB-1,MANEUVER MECHANICS (OBFM),1
HB-1,MANEUVER SELECTION,402
HB-1,MANEUVER SELECTION (OBFM),1
HB-1,MISSED APPROACH,7
HB-1,MISSION ANALYSIS,50
HB-1,MISSION PLANNING/BRIEFING/DEBRIEFING,385
HB-1,NO FLAP APPROACH/LANDING,6
HB-1,NON-PRECISION APPROACH (HUD ON/OFF),64
HB-1,NORMAL LANDING,381
HB-1,NORMAL PATTERN,211
HB-1,PENETRATION,4
HB-1,PRECISION APPROACH (HUD ON/OFF),147
HB-1,REJOINS,418
HB-1,RETURN TO BASE (RTB) PROCEDURES,433
HB-1,ROUTE,415
HB-1,SIMULATED GUNSHOT,216
HB-1,SIMULATED IR MISSILE SHOT,273
HB-1,SINGLE ENGINE APPROACH/LANDING,16
HB-1,SINGLE ENGINE GO-AROUND,3
HB-1,SITUATIONAL AWARENESS,434
HB-1,TAKEOFF (SINGLE-SHIP),359
HB-1,TASK MANAGEMENT,434
HB-1,TWO-SHIP FORMATION -- TACTICAL,428
HB-1,VISUAL SEARCH,434
HB-1,VISUAL SIGNALS,422
HB-1,WEZ RECOGNITION,379
HB-1,WINGMAN CONSID/FLT INTEGRITY,295
HB-2,AGSM,320
HB-2,ARMAMENT SWITCHOLOGY/FENCE CHK,322
HB-2,BATTLE DAMAGE CHECK,316
HB-2,BUTTERFLY SETUPS,315
HB-2,COMMUNICATIONS,330
HB-2,CROSSUNDER,33
HB-2,DECISION MAKING/RISK MANAGEMENT,330
HB-2,DEPARTURE,323
HB-2,ECHELON,21
HB-2,EMERGENCY PROCEDURES,330
HB-2,FIGHT ANALYSIS,314
HB-2,FIGHTING WING,282
HB-2,FINGERTIP,315
HB-2,FLIGHT COORDINATION,114
HB-2,FORMATION APPROACH (WING),10
HB-2,FORMATION TAKEOFF (WING),55
HB-2,FOUR-SHIP FORMATION - BASIC,44
HB-2,FOUR-SHIP FORMATION - TACTICAL,67
HB-2,FUEL MANAGEMENT,327
HB-2,G-AWARENESS,322
HB-2,G-AWARENESS TURNS,319
HB-2,GROUND OPERATIONS,330
HB-2,HIGH ANGLE GUN/SEPARATION EXERCISE,45
HB-2,INSTRUMENT TRAIL DEPARTURE,19
HB-2,LEAD TURN EXERCISE,8
HB-2,LOST WINGMAN PROCEDURES,5
HB-2,MANEUVER MECHANICS,315
HB-2,MANEUVER SELECTION,314
HB-2,MISSED APPROACH,8
HB-2,MISSION ANALYSIS,41
HB-2,MISSION PLANNING/BRIEFING/DEBRIEFING,289
HB-2,NO FLAP APPROACH/LANDING,12
HB-2,NON-PRECISION APPROACH (HUD ON/OFF),50
HB-2,NORMAL LANDING,279
HB-2,NORMAL PATTERN,189
HB-2,PENETRATION,22
HB-2,PRECISION APPROACH (HUD ON/OFF),56
HB-2,REJOINS,315
HB-2,RETURN TO BASE (RTB) PROCEDURES,328
HB-2,ROLE ESTABLISHMENT/CONTRACT EXECUTION,1
HB-2,ROUTE,309
HB-2,SIMULATED GUNSHOT,166
HB-2,SIMULATED IR MISSILE SHOT,142
HB-2,SINGLE ENGINE APPROACH/LANDING,5
HB-2,SINGLE ENGINE GO-AROUND,1
HB-2,SITUATIONAL AWARENESS,330
HB-2,TAKEOFF (SINGLE-SHIP),279
HB-2,TASK MANAGEMENT,330
HB-2,TWO-SHIP FORMATION -- TACTICAL,320
HB-2,TWO-SHIP MUTUAL SUPPORT,1
HB-2,VISUAL SEARCH,328
HB-2,VISUAL SIGNALS,320
HB-2,WEZ RECOGNITION,297
HB-2,WINGMAN CONSID/FLT INTEGRITY,214
HB-3,AGSM,51
HB-3,ARMAMENT SWITCHOLOGY/FENCE CHK,51
HB-3,BATTLE DAMAGE CHECK,44
HB-3,BUTTERFLY SETUPS,51
HB-3,COMMUNICATIONS,51
HB-3,CROSSUNDER,2
HB-3,DECISION MAKING/RISK MANAGEMENT,51
HB-3,DEPARTURE,51
HB-3,ECHELON,1
HB-3,EMERGENCY PROCEDURES,47
HB-3,FIGHT ANALYSIS,49
HB-3,FIGHTING WING,44
HB-3,FINGERTIP,51
HB-3,FLIGHT COORDINATION,7
HB-3,FORMATION APPROACH (WING),4
HB-3,FORMATION TAKEOFF (WING),5
HB-3,FOUR-SHIP FORMATION - BASIC,7
HB-3,FOUR-SHIP FORMATION - TACTICAL,12
HB-3,FUEL MANAGEMENT,47
HB-3,G-AWARENESS,51
HB-3,G-AWARENESS TURNS,51
HB-3,GROUND OPERATIONS,51
HB-3,INSTRUMENT TRAIL DEPARTURE,2
HB-3,MANEUVER MECHANICS,51
HB-3,MANEUVER SELECTION,50
HB-3,MISSED APPROACH,1
HB-3,MISSION ANALYSIS,4
HB-3,MISSION PLANNING/BRIEFING/DEBRIEFING,47
HB-3,NO FLAP APPROACH/LANDING,1
HB-3,NON-PRECISION APPROACH (HUD ON/OFF),7
HB-3,NORMAL LANDING,45
HB-3,NORMAL PATTERN,32
HB-3,PENETRATION,2
HB-3,PRECISION APPROACH (HUD ON/OFF),6
HB-3,REJOINS,50
HB-3,RETURN TO BASE (RTB) PROCEDURES,51
HB-3,ROUTE,50
HB-3,SIMULATED GUNSHOT,23
HB-3,SIMULATED IR MISSILE SHOT,33
HB-3,SITUATIONAL AWARENESS,51
HB-3,TAKEOFF (SINGLE-SHIP),45
HB-3,TASK MANAGEMENT,51
HB-3,TWO-SHIP FORMATION -- TACTICAL,46
HB-3,VISUAL SEARCH,51
HB-3,VISUAL SIGNALS,46
HB-3,WEZ RECOGNITION,48
HB-3,WINGMAN CONSID/FLT INTEGRITY,40
OB-1,ACM SETUPS,1
OB-1,AGSM,480
OB-1,ARMAMENT SWITCHOLOGY/FENCE CHK,481
OB-1,BATTLE DAMAGE CHECK,464
OB-1,BUTTERFLY SETUPS,1
OB-1,COMMUNICATIONS,490
OB-1,CONVENTIONAL/TAC RANGE PROC/PATTERNS,1
OB-1,CROSSUNDER,137
OB-1,DECISION MAKING/RISK MANAGEMENT,490
OB-1,DEFENSIVE RANGING/PURSUIT CURVE EXERCISE,1
OB-1,DEPARTURE,486
OB-1,ECHELON,104
OB-1,EMERGENCY PROCEDURES,490
OB-1,ENERGY MANEUVERABILITY,3
OB-1,ENGAGED / SUPPORT MANEUVERING,1
OB-1,ERROR ANALYSIS,1
OB-1,FIGHT ANALYSIS,457
OB-1,FIGHTING WING,403
OB-1,FINGERTIP,463
OB-1,FLIGHT COORDINATION,149
OB-1,FORMATION APPROACH (WING),13
OB-1,FORMATION TAKEOFF (WING),67
OB-1,FUEL MANAGEMENT,488
OB-1,G-AWARENESS,479
OB-1,G-AWARENESS TURNS,481
OB-1,GROUND OPERATIONS,490
OB-1,HEAT-TO-GUNS EXERCISE,1
OB-1,HIGH ANGLE GUN/SEPARATION EXERCISE,1
OB-1,HIGH/LOW-SPEED DIVE RECOVERY,1
OB-1,INSTRUMENT TRAIL DEPARTURE,20
OB-1,JINK EXERCISE,1
OB-1,LEAD TURN EXERCISE,1
OB-1,LOST WINGMAN PROCEDURES,3
OB-1,MANEUVER MECHANICS,317
OB-1,MANEUVER MECHANICS (OBFM),140
OB-1,MANEUVER SELECTION,317
OB-1,MANEUVER SELECTION (OBFM),140
OB-1,MISSED APPROACH,17
OB-1,MISSION ANALYSIS,98
OB-1,MISSION PLANNING/BRIEFING/DEBRIEFING,387
OB-1,MUTUAL SUPPORT COMMUNICATION (3-1),1
OB-1,NO FLAP APPROACH/LANDING,58
OB-1,NON-PRECISION APPROACH (HUD ON/OFF),37
OB-1,NORMAL LANDING,462
OB-1,NORMAL PATTERN,409
OB-1,PENETRATION,1
OB-1,PERCH SETUPS,459
OB-1,PRECISION APPROACH (HUD ON/OFF),77
OB-1,QUARTER-PLANE EXERCISE,424
OB-1,REJOINS,488
OB-1,RETURN TO BASE (RTB) PROCEDURES,485
OB-1,REVERSAL / SCISSORS EXERCISE,1
OB-1,ROLE ESTABLISHMENT/CONTRACT EXECUTION,1
OB-1,ROUTE,469
OB-1,SAFE ESCAPE MANEUVER,2
OB-1,SIMULATED GUNSHOT,460
OB-1,SIMULATED IR MISSILE SHOT,415
OB-1,SINGLE ENGINE APPROACH/LANDING,47
OB-1,SINGLE ENGINE GO-AROUND,9
OB-1,SINGLE-SHIP JINK EXERCISE,2
OB-1,SITUATIONAL AWARENESS,490
OB-1,TACS/JFIRE PROCEDURES,1
OB-1,TAKEOFF (SINGLE-SHIP),428
OB-1,TASK MANAGEMENT,490
OB-1,THREAT REACTIONS,1
OB-1,TWO-SHIP FORMATION -- TACTICAL,475
OB-1,TWO-SHIP MUTUAL SUPPORT,1
OB-1,VISUAL SEARCH,487
OB-1,VISUAL SIGNALS,476
OB-1,WEAPONS DELIVERY EVENTS/PARAMETERS,1
OB-1,WEAPONS EMPLOYMENT,2
OB-1,WEZ RECOGNITION,454
OB-1,WINGMAN CONSID/FLT INTEGRITY,336
OB-2,AGSM,504
OB-2,ARMAMENT SWITCHOLOGY/FENCE CHK,506
OB-2,BATTLE DAMAGE CHECK,489
OB-2,BREAK TURN/ACCELERATED STALL,1
OB-2,COMMUNICATIONS,510
OB-2,CROSSUNDER,161
OB-2,DECISION MAKING/RISK MANAGEMENT,509
OB-2,DEPARTURE,505
OB-2,ECHELON,143
OB-2,EMERGENCY PROCEDURES,511
OB-2,ENERGY MANEUVERABILITY,1
OB-2,FIGHT ANALYSIS,491
OB-2,FIGHTING WING,466
OB-2,FINGERTIP,499
OB-2,FLIGHT COORDINATION,162
OB-2,FORMATION APPROACH (WING),354
OB-2,FORMATION TAKEOFF (WING),414
OB-2,FOUR-SHIP FORMATION - BASIC,2
OB-2,FOUR-SHIP FORMATION - TACTICAL,2
OB-2,FUEL MANAGEMENT,506
OB-2,G-AWARENESS,507
OB-2,G-AWARENESS TURNS,505
OB-2,GROUND OPERATIONS,510
OB-2,HIGH/LOW-SPEED DIVE RECOVERY,1
OB-2,INSTRUMENT TRAIL DEPARTURE,16
OB-2,LOST WINGMAN PROCEDURES,4
OB-2,MANEUVER MECHANICS,333
OB-2,MANEUVER MECHANICS (OBFM),159
OB-2,MANEUVER SELECTION,333
OB-2,MANEUVER SELECTION (OBFM),158
OB-2,MISSED APPROACH,7
OB-2,MISSION ANALYSIS,108
OB-2,MISSION PLANNING/BRIEFING/DEBRIEFING,399
OB-2,NO FLAP APPROACH/LANDING,20
OB-2,NON-PRECISION APPROACH (HUD ON/OFF),15
OB-2,NORMAL LANDING,416
OB-2,NORMAL PATTERN,151
OB-2,PENETRATION,4
OB-2,PERCH SETUPS,491
OB-2,PRECISION APPROACH (HUD ON/OFF),47
OB-2,QUARTER-PLANE EXERCISE,1
OB-2,REJOINS,517
OB-2,RETURN TO BASE (RTB) PROCEDURES,506
OB-2,ROUTE,504
OB-2,SIMULATED GUNSHOT,484
OB-2,SIMULATED IR MISSILE SHOT,468
OB-2,SINGLE ENGINE APPROACH/LANDING,20
OB-2,SINGLE-SHIP JINK EXERCISE,1
OB-2,SITUATIONAL AWARENESS,509
OB-2,TAKEOFF (SINGLE-SHIP),115
OB-2,TASK MANAGEMENT,509
OB-2,TWO-SHIP FORMATION -- TACTICAL,507
OB-2,VISUAL SEARCH,507
OB-2,VISUAL SIGNALS,505
OB-2,WEZ RECOGNITION,485
OB-2,WINGMAN CONSID/FLT INTEGRITY,345
OB-3,AGSM,462
OB-3,ARMAMENT SWITCHOLOGY/FENCE CHK,466
OB-3,BATTLE DAMAGE CHECK,444
OB-3,COMMUNICATIONS,482
OB-3,CROSSUNDER,148
OB-3,DECISION MAKING/RISK MANAGEMENT,482
OB-3,DEFENSIVE RANGING/PURSUIT CURVE EXERCISE,1
OB-3,DEPARTURE,475
OB-3,ECHELON,108
OB-3,EMERGENCY PROCEDURES,482
OB-3,FIGHT ANALYSIS,447
OB-3,FIGHTING WING,422
OB-3,FINGERTIP,466
OB-3,FLIGHT COORDINATION,170
OB-3,FORMATION APPROACH (WING),304
OB-3,FORMATION TAKEOFF (WING),311
OB-3,FOUR-SHIP FORMATION - BASIC,75
OB-3,FOUR-SHIP FORMATION - TACTICAL,138
OB-3,FUEL MANAGEMENT,475
OB-3,G-AWARENESS,463
OB-3,G-AWARENESS TURNS,460
OB-3,GROUND OPERATIONS,482
OB-3,INSTRUMENT TRAIL DEPARTURE,13
OB-3,LOST WINGMAN PROCEDURES,2
OB-3,MANEUVER MECHANICS,293
OB-3,MANEUVER MECHANICS (OBFM),155
OB-3,MANEUVER SELECTION,293
OB-3,MANEUVER SELECTION (OBFM),155
OB-3,MISSED APPROACH,7
OB-3,MISSION ANALYSIS,107
OB-3,MISSION PLANNING/BRIEFING/DEBRIEFING,371
OB-3,MUTUAL SUPPORT COMMUNICATION (3-1),1
OB-3,NO FLAP APPROACH/LANDING,32
OB-3,NON-PRECISION APPROACH (HUD ON/OFF),30
OB-3,NORMAL LANDING,396
OB-3,NORMAL PATTERN,158
OB-3,PERCH SETUPS,449
OB-3,PRECISION APPROACH (HUD ON/OFF),53
OB-3,QUARTER-PLANE EXERCISE,7
OB-3,REJOINS,477
OB-3,RETURN TO BASE (RTB) PROCEDURES,477
OB-3,ROUTE,469
OB-3,SIMULATED GUNSHOT,448
OB-3,SIMULATED IR MISSILE SHOT,436
OB-3,SINGLE ENGINE APPROACH/LANDING,15
OB-3,SITUATIONAL AWARENESS,482
OB-3,TAKEOFF (SINGLE-SHIP),185
OB-3,TASK MANAGEMENT,482
OB-3,TWO-SHIP FORMATION -- TACTICAL,471
OB-3,VISUAL SEARCH,478
OB-3,VISUAL SIGNALS,472
OB-3,WEZ RECOGNITION,446
OB-3,WINGMAN CONSID/FLT INTEGRITY,310
OB-4,AGSM,422
OB-4,ARMAMENT SWITCHOLOGY/FENCE CHK,427
OB-4,BATTLE DAMAGE CHECK,417
OB-4,BREAK TURN/ACCELERATED STALL,1
OB-4,COMMUNICATIONS,433
OB-4,CROSSUNDER,136
OB-4,DECISION MAKING/RISK MANAGEMENT,433
OB-4,DEPARTURE,432
OB-4,ECHELON,97
OB-4,EMERGENCY PROCEDURES,434
OB-4,ENERGY MANEUVERABILITY,1
OB-4,FIGHT ANALYSIS,411
OB-4,FIGHTING WING,371
OB-4,FINGERTIP,414
OB-4,FLIGHT COORDINATION,150
OB-4,FORMATION APPROACH (WING),23
OB-4,FORMATION TAKEOFF (WING),51
OB-4,FOUR-SHIP FORMATION - BASIC,35
OB-4,FOUR-SHIP FORMATION - TACTICAL,53
OB-4,FUEL MANAGEMENT,433
OB-4,G-AWARENESS,424
OB-4,G-AWARENESS TURNS,423
OB-4,GROUND OPERATIONS,433
OB-4,HIGH/LOW-SPEED DIVE RECOVERY,1
OB-4,INSTRUMENT TRAIL DEPARTURE,14
OB-4,LOST WINGMAN PROCEDURES,5
OB-4,MANEUVER MECHANICS,275
OB-4,MANEUVER MECHANICS (OBFM),139
OB-4,MANEUVER SELECTION,273
OB-4,MANEUVER SELECTION (OBFM),139
OB-4,MISSED APPROACH,3
OB-4,MISSION ANALYSIS,95
OB-4,MISSION PLANNING/BRIEFING/DEBRIEFING,335
OB-4,NO FLAP APPROACH/LANDING,14
OB-4,NON-PRECISION APPROACH (HUD ON/OFF),27
OB-4,NORMAL LANDING,400
OB-4,NORMAL PATTERN,342
OB-4,PENETRATION,2
OB-4,PERCH SETUPS,416
OB-4,PRECISION APPROACH (HUD ON/OFF),37
OB-4,QUARTER-PLANE EXERCISE,3
OB-4,REJOINS,430
OB-4,RETURN TO BASE (RTB) PROCEDURES,433
OB-4,ROUTE,414
OB-4,SIMULATED GUNSHOT,414
OB-4,SIMULATED IR MISSILE SHOT,409
OB-4,SINGLE ENGINE APPROACH/LANDING,12
OB-4,SINGLE ENGINE GO-AROUND,2
OB-4,SINGLE-SHIP JINK EXERCISE,1
OB-4,SITUATIONAL AWARENESS,433
OB-4,TAKEOFF (SINGLE-SHIP),385
OB-4,TASK MANAGEMENT,433
OB-4,TWO-SHIP FORMATION -- TACTICAL,428
OB-4,VISUAL SEARCH,432
OB-4,VISUAL SIGNALS,425
OB-4,WEZ RECOGNITION,407
OB-4,WINGMAN CONSID/FLT INTEGRITY,283
S-1,10-DEGREE LAHD POPUP,3
S-1,20-DEGREE LALD POPUP,3
S-1,AGSM,401
S-1,ARMAMENT SWITCHOLOGY/FENCE CHK,403
S-1,BATTLE DAMAGE CHECK,378
S-1,BUTTERFLY SETUPS,1
S-1,CLIMBING SAFE-ESCAPE MANEUVER (CSEM),337
S-1,COMMUNICATIONS,413
S-1,CONVENTIONAL 10-DEGREE LAHD,345
S-1,CONVENTIONAL 20-DEGREE LALD,315
S-1,CONVENTIONAL 30-DEGREE DB,300
S-1,CONVENTIONAL/TAC RANGE PROC/PATTERNS,385
S-1,CROSSUNDER,34
S-1,DECISION MAKING/RISK MANAGEMENT,412
S-1,DEPARTURE,407
S-1,ECHELON,28
S-1,EMERGENCY PROCEDURES,412
S-1,ERROR ANALYSIS,373
S-1,FIGHT ANALYSIS,1
S-1,FIGHTING WING,250
S-1,FINGERTIP,395
S-1,FLIGHT COORDINATION,123
S-1,FORMATION APPROACH (WING),16
S-1,FORMATION TAKEOFF (WING),38
S-1,FOUR-SHIP FORMATION - BASIC,206
S-1,FOUR-SHIP FORMATION - TACTICAL,265
S-1,FUEL MANAGEMENT,409
S-1,G-AWARENESS,402
S-1,G-AWARENESS TURNS,313
S-1,GROUND OPERATIONS,413
S-1,HIGH ANGLE STRAFE (HAS),292
S-1,INSTRUMENT TRAIL DEPARTURE,11
S-1,LEVEL DELIVERY,3
S-1,LEVEL TURNING MANEUVER,10
S-1,LEVEL/POPUP RANGE,4
S-1,LOST WINGMAN PROCEDURES,1
S-1,MANEUVER MECHANICS,1
S-1,MANEUVER SELECTION,1
S-1,MISSED APPROACH,8
S-1,MISSION ANALYSIS,11
S-1,MISSION PLANNING/BRIEFING/DEBRIEFING,402
S-1,NO FLAP APPROACH/LANDING,3
S-1,NON-PRECISION APPROACH (HUD ON/OFF),72
S-1,NORMAL LANDING,352
S-1,NORMAL PATTERN,225
S-1,PENETRATION,1
S-1,PRECISION APPROACH (HUD ON/OFF),99
S-1,REJOINS,397
S-1,RETURN TO BASE (RTB) PROCEDURES,408
S-1,ROUTE,398
S-1,SAFE ESCAPE MANEUVER,36
S-1,SINGLE ENGINE APPROACH/LANDING,5
S-1,SINGLE ENGINE GO-AROUND,1
S-1,SITUATIONAL AWARENESS,413
S-1,TAKEOFF (SINGLE-SHIP),382
S-1,TASK MANAGEMENT,412
S-1,TWO-SHIP FORMATION -- TACTICAL,349
S-1,VISUAL SEARCH,409
S-1,VISUAL SIGNALS,393
S-1,WEAPONS DELIVERY EVENTS/PARAMETERS,36
S-1,WEZ RECOGNITION,1
S-1,WINGMAN CONSID/FLT INTEGRITY,288
S-2,10-DEGREE LAHD POPUP,3
S-2,20-DEGREE LALD POPUP,3
S-2,AGSM,389
S-2,ARMAMENT SWITCHOLOGY/FENCE CHK,396
S-2,BATTLE DAMAGE CHECK,369
S-2,CLIMBING SAFE-ESCAPE MANEUVER (CSEM),347
S-2,COMMUNICATIONS,406
S-2,CONVENTIONAL 10-DEGREE LAHD,345
S-2,CONVENTIONAL 20-DEGREE LALD,319
S-2,CONVENTIONAL 30-DEGREE DB,307
S-2,CONVENTIONAL/TAC RANGE PROC/PATTERNS,384
S-2,CROSSUNDER,25
S-2,DECISION MAKING/RISK MANAGEMENT,406
S-2,DEPARTURE,394
S-2,ECHELON,20
S-2,EMERGENCY PROCEDURES,411
S-2,ERROR ANALYSIS,372
S-2,FIGHTING WING,235
S-2,FINGERTIP,369
S-2,FLIGHT COORDINATION,119
S-2,FORMATION APPROACH (WING),8
S-2,FORMATION TAKEOFF (WING),17
S-2,FOUR-SHIP FORMATION - BASIC,143
S-2,FOUR-SHIP FORMATION - TACTICAL,184
S-2,FUEL MANAGEMENT,403
S-2,G-AWARENESS,392
S-2,G-AWARENESS TURNS,317
S-2,GROUND OPERATIONS,408
S-2,HIGH ANGLE STRAFE (HAS),290
S-2,INSTRUMENT TRAIL DEPARTURE,8
S-2,LEVEL DELIVERY,3
S-2,LEVEL TURNING MANEUVER,8
S-2,LEVEL/POPUP RANGE,3
S-2,LOST WINGMAN PROCEDURES,5
S-2,MISSED APPROACH,7
S-2,MISSION ANALYSIS,10
S-2,MISSION PLANNING/BRIEFING/DEBRIEFING,401
S-2,NO FLAP APPROACH/LANDING,4
S-2,NON-PRECISION APPROACH (HUD ON/OFF),31
S-2,NORMAL LANDING,369
S-2,NORMAL PATTERN,313
S-2,PENETRATION,1
S-2,PRECISION APPROACH (HUD ON/OFF),54
S-2,REJOINS,369
S-2,RETURN TO BASE (RTB) PROCEDURES,404
S-2,ROUTE,364
S-2,SAFE ESCAPE MANEUVER,35
S-2,SINGLE ENGINE APPROACH/LANDING,3
S-2,SINGLE ENGINE GO-AROUND,1
S-2,SITUATIONAL AWARENESS,406
S-2,TAKEOFF (SINGLE-SHIP),391
S-2,TASK MANAGEMENT,406
S-2,TWO-SHIP FORMATION -- TACTICAL,336
S-2,VISUAL SEARCH,403
S-2,VISUAL SIGNALS,377
S-2,WEAPONS DELIVERY EVENTS/PARAMETERS,35
S-2,WINGMAN CONSID/FLT INTEGRITY,286
S-3,10 DEGREE LAHD POPUP,78
S-3,10-DEGREE LAHD POPUP,260
S-3,20 DEGREE LALD POPUP,70
S-3,20-DEGREE LALD POPUP,246
S-3,AGSM,380
S-3,ARMAMENT SWITCHOLOGY/FENCE CHK,391
S-3,BATTLE DAMAGE CHECK,358
S-3,CLIMBING SAFE-ESCAPE MANEUVER (CSEM),319
S-3,COMMUNICATIONS,398
S-3,CONVENTIONAL/TAC RANGE PROC/PATTERNS,81
S-3,CROSSUNDER,31
S-3,DECISION MAKING/RISK MANAGEMENT,397
S-3,DEPARTURE,389
S-3,ECHELON,18
S-3,EMERGENCY PROCEDURES,398
S-3,ERROR ANALYSIS,371
S-3,FIGHTING WING,188
S-3,FINGERTIP,355
S-3,FLIGHT COORDINATION,121
S-3,FORMATION APPROACH (WING),9
S-3,FORMATION TAKEOFF (WING),34
S-3,FOUR-SHIP FORMATION - BASIC,137
S-3,FOUR-SHIP FORMATION - TACTICAL,185
S-3,FUEL MANAGEMENT,395
S-3,G-AWARENESS,383
S-3,G-AWARENESS TURNS,313
S-3,GROUND OPERATIONS,397
S-3,HIGH ANGLE STRAFE (HAS),14
S-3,INSTRUMENT TRAIL DEPARTURE,5
S-3,LEVEL DELIVERY,339
S-3,LEVEL TURNING MANEUVER,340
S-3,LEVEL/POPUP RANGE,333
S-3,LEVEL/POPUP RANGE PROC/PATTERNS,8
S-3,LONG RANGE STRAFE,111
S-3,LOST WINGMAN PROCEDURES,3
S-3,MISSED APPROACH,4
S-3,MISSION ANALYSIS,8
S-3,MISSION PLANNING/BRIEFING/DEBRIEFING,390
S-3,NO FLAP APPROACH/LANDING,5
S-3,NON-PRECISION APPROACH (HUD ON/OFF),47
S-3,NORMAL LANDING,346
S-3,NORMAL PATTERN,258
S-3,PRECISION APPROACH (HUD ON/OFF),70
S-3,REJOINS,344
S-3,RETURN TO BASE (RTB) PROCEDURES,394
S-3,ROUTE,343
S-3,SAFE ESCAPE MANEUVER,35
S-3,SINGLE ENGINE APPROACH/LANDING,5
S-3,SINGLE ENGINE GO-AROUND,3
S-3,SITUATIONAL AWARENESS,397
S-3,TAKEOFF (SINGLE-SHIP),372
S-3,TASK MANAGEMENT,397
S-3,TWO-SHIP FORMATION -- TACTICAL,318
S-3,VISUAL SEARCH,396
S-3,VISUAL SIGNALS,365
S-3,WEAPONS DELIVERY EVENTS/PARAMETERS,36
S-3,WINGMAN CONSID/FLT INTEGRITY,272
S-4,10 DEGREE LAHD POPUP,78
S-4,10-DEGREE LAHD,1
S-4,10-DEGREE LAHD POPUP,267
S-4,20 DEGREE LALD POPUP,65
S-4,20-DEGREE LALD,1
S-4,20-DEGREE LALD POPUP,247
S-4,AGSM,389
S-4,ARMAMENT SWITCHOLOGY/FENCE CHK,395
S-4,BASIC RANGE PROCEDURES AND PATTERNS,1
S-4,BATTLE DAMAGE CHECK,366
S-4,CLIMBING SAFE-ESCAPE MANEUVER (CSEM),261
S-4,COMMUNICATIONS,399
S-4,CONVENTIONAL 10-DEGREE LAHD,2
S-4,CONVENTIONAL 20-DEGREE LALD,2
S-4,CONVENTIONAL/TAC RANGE PROC/PATTERNS,75
S-4,CROSSUNDER,27
S-4,DECISION MAKING/RISK MANAGEMENT,399
S-4,DEPARTURE,391
S-4,ECHELON,25
S-4,EMERGENCY PROCEDURES,399
S-4,ERROR ANALYSIS,319
S-4,FIGHTING WING,227
S-4,FINGERTIP,364
S-4,FLIGHT COORDINATION,118
S-4,FORMATION APPROACH (WING),6
S-4,FORMATION TAKEOFF (WING),17
S-4,FOUR-SHIP FORMATION - BASIC,139
S-4,FOUR-SHIP FORMATION - TACTICAL,172
S-4,FUEL MANAGEMENT,399
S-4,G-AWARENESS,391
S-4,G-AWARENESS TURNS,318
S-4,GROUND OPERATIONS,400
S-4,HIGH ANGLE STRAFE (HAS),38
S-4,INSTRUMENT TRAIL DEPARTURE,12
S-4,LEVEL DELIVERY,337
S-4,LEVEL TURNING MANEUVER,283
S-4,LEVEL/POPUP RANGE,335
S-4,LEVEL/POPUP RANGE PROC/PATTERNS,7
S-4,LONG RANGE STRAFE,108
S-4,LOST WINGMAN PROCEDURES,2
S-4,MISSED APPROACH,6
S-4,MISSION ANALYSIS,9
S-4,MISSION PLANNING/BRIEFING/DEBRIEFING,391
S-4,NO FLAP APPROACH/LANDING,3
S-4,NON-PRECISION APPROACH (HUD ON/OFF),17
S-4,NORMAL LANDING,357
S-4,NORMAL PATTERN,325
S-4,PENETRATION,2
S-4,PRECISION APPROACH (HUD ON/OFF),35
S-4,REJOINS,353
S-4,RETURN TO BASE (RTB) PROCEDURES,396
S-4,ROUTE,349
S-4,SAFE ESCAPE MANEUVER,35
S-4,SINGLE ENGINE APPROACH/LANDING,4
S-4,SITUATIONAL AWARENESS,399
S-4,TAKEOFF (SINGLE-SHIP),389
S-4,TASK MANAGEMENT,399
S-4,TWO-SHIP FORMATION -- TACTICAL,326
S-4,VISUAL SEARCH,399
S-4,VISUAL SIGNALS,377
S-4,WEAPONS DELIVERY EVENTS/PARAMETERS,35
S-4,WINGMAN CONSID/FLT INTEGRITY,277
S-5C,10-DEGREE LAHD POPUP,3
S-5C,20-DEGREE LALD POPUP,3
S-5C,AGSM,3
S-5C,ARMAMENT SWITCHOLOGY/FENCE CHK,3
S-5C,BATTLE DAMAGE CHECK,3
S-5C,CLIMBING SAFE-ESCAPE MANEUVER (CSEM),3
S-5C,COMMUNICATIONS,3
S-5C,CONVENTIONAL/TAC RANGE PROC/PATTERNS,1
S-5C,DECISION MAKING/RISK MANAGEMENT,3
S-5C,DEPARTURE,3
S-5C,EMERGENCY PROCEDURES,3
S-5C,ERROR ANALYSIS,3
S-5C,FIGHTING WING,3
S-5C,FINGERTIP,3
S-5C,FORMATION TAKEOFF (WING),1
S-5C,FOUR-SHIP FORMATION - BASIC,3
S-5C,FOUR-SHIP FORMATION - TACTICAL,3
S-5C,FUEL MANAGEMENT,3
S-5C,G-AWARENESS,3
S-5C,G-AWARENESS TURNS,3
S-5C,GROUND OPERATIONS,3
S-5C,LEVEL DELIVERY,3
S-5C,LEVEL TURNING MANEUVER,3
S-5C,LEVEL/POPUP RANGE,3
S-5C,LONG RANGE STRAFE,3
S-5C,MISSION PLANNING/BRIEFING/DEBRIEFING,3
S-5C,NO FLAP APPROACH/LANDING,1
S-5C,NORMAL LANDING,3
S-5C,NORMAL PATTERN,3
S-5C,REJOINS,3
S-5C,RETURN TO BASE (RTB) PROCEDURES,3
S-5C,ROUTE,3
S-5C,SITUATIONAL AWARENESS,3
S-5C,TAKEOFF (SINGLE-SHIP),3
S-5C,TASK MANAGEMENT,3
S-5C,TWO-SHIP FORMATION -- TACTICAL,3
S-5C,VISUAL SEARCH,3
S-5C,VISUAL SIGNALS,3
S-5C,WINGMAN CONSID/FLT INTEGRITY,3
SAT-1,AGSM,294
SAT-1,ARMAMENT SWITCHOLOGY/FENCE CHK,301
SAT-1,BASIC RANGE PROCEDURES AND PATTERNS,191
SAT-1,BATTLE DAMAGE CHECK,244
SAT-1,BUTTERFLY SETUPS,1
SAT-1,COMMUNICATIONS,307
SAT-1,CONVENTIONAL/TAC RANGE PROC/PATTERNS,2
SAT-1,CROSSUNDER,31
SAT-1,DECISION MAKING/RISK MANAGEMENT,307
SAT-1,DEPARTURE,303
SAT-1,ECHELON,16
SAT-1,EMERGENCY PROCEDURES,308
SAT-1,ERROR ANALYSIS,8
SAT-1,FIGHT ANALYSIS,2
SAT-1,FIGHTING WING,192
SAT-1,FINGERTIP,247
SAT-1,FLIGHT COORDINATION,99
SAT-1,FORMATION APPROACH (WING),5
SAT-1,FORMATION TAKEOFF (WING),12
SAT-1,FOUR-SHIP FORMATION - BASIC,3
SAT-1,FOUR-SHIP FORMATION - TACTICAL,3
SAT-1,FUEL MANAGEMENT,305
SAT-1,G-AWARENESS,296
SAT-1,G-AWARENESS TURNS,194
SAT-1,GROUND OPERATIONS,307
SAT-1,INSTRUMENT TRAIL DEPARTURE,9
SAT-1,LOST WINGMAN PROCEDURES,2
SAT-1,MANEUVER MECHANICS,1
SAT-1,MANEUVER MECHANICS (OBFM),1
SAT-1,MANEUVER SELECTION,1
SAT-1,MANEUVER SELECTION (OBFM),1
SAT-1,MISSED APPROACH,35
SAT-1,MISSION ANALYSIS,2
SAT-1,MISSION PLANNING/BRIEFING/DEBRIEFING,305
SAT-1,NO FLAP APPROACH/LANDING,7
SAT-1,NON-PRECISION APPROACH (HUD ON/OFF),102
SAT-1,NORMAL LANDING,284
SAT-1,NORMAL PATTERN,158
SAT-1,PENETRATION,84
SAT-1,PERCH SETUPS,1
SAT-1,PRECISION APPROACH (HUD ON/OFF),109
SAT-1,REJOINS,252
SAT-1,RETURN TO BASE (RTB) PROCEDURES,306
SAT-1,ROUTE,246
SAT-1,SAFE ESCAPE MANEUVER,295
SAT-1,SIMULATED GUNSHOT,1
SAT-1,SIMULATED IR MISSILE SHOT,1
SAT-1,SINGLE ENGINE APPROACH/LANDING,5
SAT-1,SINGLE ENGINE GO-AROUND,2
SAT-1,SINGLE-SHIP JINK EXERCISE,1
SAT-1,SITUATIONAL AWARENESS,307
SAT-1,TACS/JFIRE PROCEDURES,213
SAT-1,TAKEOFF (SINGLE-SHIP),303
SAT-1,TASK MANAGEMENT,307
SAT-1,THREAT REACTIONS,253
SAT-1,TWO-SHIP FORMATION -- TACTICAL,241
SAT-1,TWO-SHIP MUTUAL SUPPORT,241
SAT-1,VISUAL SEARCH,303
SAT-1,VISUAL SIGNALS,254
SAT-1,WEAPONS DELIVERY EVENTS/PARAMETERS,3
SAT-1,WEAPONS EMPLOYMENT,289
SAT-1,WEZ RECOGNITION,2
SAT-1,WINGMAN CONSID/FLT INTEGRITY,195
SAT-1B,AGSM,11
SAT-1B,ARMAMENT SWITCHOLOGY/FENCE CHK,10
SAT-1B,BASIC RANGE PROCEDURES AND PATTERNS,5
SAT-1B,BATTLE DAMAGE CHECK,8
SAT-1B,COMMUNICATIONS,11
SAT-1B,DECISION MAKING/RISK MANAGEMENT,11
SAT-1B,DEPARTURE,10
SAT-1B,EMERGENCY PROCEDURES,11
SAT-1B,FIGHTING WING,9
SAT-1B,FINGERTIP,10
SAT-1B,FLIGHT COORDINATION,11
SAT-1B,FUEL MANAGEMENT,11
SAT-1B,G-AWARENESS,11
SAT-1B,G-AWARENESS TURNS,7
SAT-1B,GROUND OPERATIONS,11
SAT-1B,MISSION ANALYSIS,4
SAT-1B,MISSION PLANNING/BRIEFING/DEBRIEFING,7
SAT-1B,NON-PRECISION APPROACH (HUD ON/OFF),4
SAT-1B,NORMAL LANDING,11
SAT-1B,NORMAL PATTERN,5
SAT-1B,PENETRATION,1
SAT-1B,PRECISION APPROACH (HUD ON/OFF),2
SAT-1B,REJOINS,10
SAT-1B,RETURN TO BASE (RTB) PROCEDURES,10
SAT-1B,ROUTE,10
SAT-1B,SAFE ESCAPE MANEUVER,9
SAT-1B,SITUATIONAL AWARENESS,11
SAT-1B,TACS/JFIRE PROCEDURES,8
SAT-1B,TAKEOFF (SINGLE-SHIP),11
SAT-1B,TASK MANAGEMENT,11
SAT-1B,THREAT REACTIONS,8
SAT-1B,TWO-SHIP FORMATION -- TACTICAL,8
SAT-1B,TWO-SHIP MUTUAL SUPPORT,10
SAT-1B,VISUAL SEARCH,11
SAT-1B,VISUAL SIGNALS,10
SAT-1B,WEAPONS EMPLOYMENT,10
SAT-2,AGSM,14
SAT-2,ARMAMENT SWITCHOLOGY/FENCE CHK,14
SAT-2,BASIC RANGE PROCEDURES AND PATTERNS,7
SAT-2,BATTLE DAMAGE CHECK,14
SAT-2,COMMUNICATIONS,14
SAT-2,DECISION MAKING/RISK MANAGEMENT,14
SAT-2,DEPARTURE,14
SAT-2,EMERGENCY PROCEDURES,14
SAT-2,FIGHTING WING,11
SAT-2,FINGERTIP,14
SAT-2,FLIGHT COORDINATION,2
SAT-2,FUEL MANAGEMENT,14
SAT-2,G-AWARENESS,14
SAT-2,G-AWARENESS TURNS,9
SAT-2,GROUND OPERATIONS,14
SAT-2,MISSION ANALYSIS,1
SAT-2,MISSION PLANNING/BRIEFING/DEBRIEFING,13
SAT-2,NORMAL LANDING,13
SAT-2,NORMAL PATTERN,12
SAT-2,PRECISION APPROACH (HUD ON/OFF),1
SAT-2,REJOINS,14
SAT-2,RETURN TO BASE (RTB) PROCEDURES,14
SAT-2,ROUTE,14
SAT-2,SAFE ESCAPE MANEUVER,13
SAT-2,SITUATIONAL AWARENESS,14
SAT-2,TACS/JFIRE PROCEDURES,6
SAT-2,TAKEOFF (SINGLE-SHIP),13
SAT-2,TASK MANAGEMENT,14
SAT-2,THREAT REACTIONS,10
SAT-2,TWO-SHIP FORMATION -- TACTICAL,13
SAT-2,TWO-SHIP MUTUAL SUPPORT,14
SAT-2,VISUAL SEARCH,14
SAT-2,VISUAL SIGNALS,14
SAT-2,WEAPONS EMPLOYMENT,12
SAT-2,WINGMAN CONSID/FLT INTEGRITY,12
