SYL_EVNT_NAME_NM,SYL_EVNT_ITM_NAME_NM,ITEM_GRADE_QY
ACM-1,ACM SETUPS,16
ACM-1,AGSM,16
ACM-1,ARMAMENT SWITCHOLOGY/FENCE CHK,16
ACM-1,BATTLE DAMAGE CHECK,16
ACM-1,COMMUNICATIONS,16
ACM-1,DECISION MAKING/RISK MANAGEMENT,16
ACM-1,DEPARTURE,16
ACM-1,EMERGENCY PROCEDURES,16
ACM-1,ENGAGED / SUPPORT MANEUVERING,16
ACM-1,FIGHTING WING,8
ACM-1,FINGERTIP,16
ACM-1,FLIGHT COORDINATION,2
ACM-1,FORMATION APPROACH (WING),1
ACM-1,FORMATION TAKEOFF (WING),1
ACM-1,FOUR-SHIP FORMATION - BASIC,16
ACM-1,FOUR-SHIP FORMATION - TACTICAL,16
ACM-1,FUEL MANAGEMENT,16
ACM-1,G-AWARENESS,16
ACM-1,G-AWARENESS TURNS,16
ACM-1,GROUND OPERATIONS,16
ACM-1,INSTRUMENT TRAIL DEPARTURE,1
ACM-1,MISSED APPROACH,1
ACM-1,MISSION ANALYSIS,1
ACM-1,MISSION PLANNING/BRIEFING/DEBRIEFING,15
ACM-1,MUTUAL SUPPORT COMMUNICATION (3-1),16
ACM-1,NO FLAP APPROACH/LANDING,1
ACM-1,NON-PRECISION APPROACH (HUD ON/OFF),5
ACM-1,NORMAL LANDING,15
ACM-1,NORMAL PATTERN,12
ACM-1,PENETRATION,3
ACM-1,PRECISION APPROACH (HUD ON/OFF),2
ACM-1,REJOINS,16
ACM-1,RETURN TO BASE (RTB) PROCEDURES,16
ACM-1,ROLE ESTABLISHMENT/CONTRACT EXECUTION,16
ACM-1,ROUTE,16
ACM-1,SINGLE ENGINE APPROACH/LANDING,1
ACM-1,SINGLE ENGINE GO-AROUND,1
ACM-1,SITUATIONAL AWARENESS,16
ACM-1,TAKEOFF (SINGLE-SHIP),16
ACM-1,TASK MANAGEMENT,16
ACM-1,TWO-SHIP FORMATION -- TACTICAL,13
ACM-1,VISUAL SEARCH,16
ACM-1,VISUAL SIGNALS,16
ACM-1,WEAPONS EMPLOYMENT,16
ACM-1,WINGMAN CONSID/FLT INTEGRITY,14
ACM-2,ACM SETUPS,7
ACM-2,AGSM,8
ACM-2,ARMAMENT SWITCHOLOGY/FENCE CHK,8
ACM-2,BATTLE DAMAGE CHECK,8
ACM-2,COMMUNICATIONS,8
ACM-2,DECISION MAKING/RISK MANAGEMENT,8
ACM-2,DEPARTURE,8
ACM-2,EMERGENCY PROCEDURES,8
ACM-2,ENGAGED / SUPPORT MANEUVERING,7
ACM-2,FIGHTING WING,3
ACM-2,FINGERTIP,8
ACM-2,FLIGHT COORDINATION,2
ACM-2,FORMATION TAKEOFF (WING),1
ACM-2,FOUR-SHIP FORMATION - BASIC,7
ACM-2,FOUR-SHIP FORMATION - TACTICAL,7
ACM-2,FUEL MANAGEMENT,8
ACM-2,G-AWARENESS,8
ACM-2,G-AWARENESS TURNS,8
ACM-2,GROUND OPERATIONS,8
ACM-2,MISSION ANALYSIS,1
ACM-2,MISSION PLANNING/BRIEFING/DEBRIEFING,7
ACM-2,MUTUAL SUPPORT COMMUNICATION (3-1),7
ACM-2,NORMAL LANDING,8
ACM-2,NORMAL PATTERN,7
ACM-2,PRECISION APPROACH (HUD ON/OFF),1
ACM-2,REJOINS,8
ACM-2,RETURN TO BASE (RTB) PROCEDURES,8
ACM-2,ROLE ESTABLISHMENT/CONTRACT EXECUTION,7
ACM-2,ROUTE,8
ACM-2,SITUATIONAL AWARENESS,8
ACM-2,TAKEOFF (SINGLE-SHIP),7
ACM-2,TASK MANAGEMENT,8
ACM-2,TWO-SHIP FORMATION -- TACTICAL,8
ACM-2,VISUAL SEARCH,8
ACM-2,VISUAL SIGNALS,8
ACM-2,WEAPONS EMPLOYMENT,8
ACM-2,WINGMAN CONSID/FLT INTEGRITY,6
CAS-1,AGSM,69
CAS-1,ARMAMENT SWITCHOLOGY/FENCE CHK,71
CAS-1,BASIC RANGE PROCEDURES AND PATTERNS,44
CAS-1,BATTLE DAMAGE CHECK,66
CAS-1,COMMUNICATIONS,72
CAS-1,CONVENTIONAL/TAC RANGE PROC/PATTERNS,1
CAS-1,CROSSUNDER,5
CAS-1,DECISION MAKING/RISK MANAGEMENT,72
CAS-1,DEPARTURE,71
CAS-1,ECHELON,3
CAS-1,EMERGENCY PROCEDURES,72
CAS-1,ERROR ANALYSIS,2
CAS-1,FIGHTING WING,61
CAS-1,FINGERTIP,67
CAS-1,FLIGHT COORDINATION,20
CAS-1,FORMATION APPROACH (WING),1
CAS-1,FORMATION TAKEOFF (WING),6
CAS-1,FUEL MANAGEMENT,72
CAS-1,G-AWARENESS,72
CAS-1,G-AWARENESS TURNS,49
CAS-1,GROUND OPERATIONS,72
CAS-1,INSTRUMENT TRAIL DEPARTURE,5
CAS-1,LOST WINGMAN PROCEDURES,3
CAS-1,MISSION ANALYSIS,11
CAS-1,MISSION PLANNING/BRIEFING/DEBRIEFING,61
CAS-1,NO FLAP APPROACH/LANDING,1
CAS-1,NON-PRECISION APPROACH (HUD ON/OFF),4
CAS-1,NORMAL LANDING,68
CAS-1,NORMAL PATTERN,61
CAS-1,PRECISION APPROACH (HUD ON/OFF),5
CAS-1,REJOINS,71
CAS-1,RETURN TO BASE (RTB) PROCEDURES,72
CAS-1,ROUTE,68
CAS-1,SAFE ESCAPE MANEUVER,21
CAS-1,SINGLE ENGINE APPROACH/LANDING,1
CAS-1,SITUATIONAL AWARENESS,72
CAS-1,TACS/JFIRE PROCEDURES,71
CAS-1,TAKEOFF (SINGLE-SHIP),72
CAS-1,TASK MANAGEMENT,72
CAS-1,THREAT REACTIONS,67
CAS-1,TWO-SHIP FORMATION -- TACTICAL,69
CAS-1,TWO-SHIP MUTUAL SUPPORT,70
CAS-1,VISUAL SEARCH,72
CAS-1,VISUAL SIGNALS,67
CAS-1,WEAPONS DELIVERY EVENTS/PARAMETERS,1
CAS-1,WEAPONS EMPLOYMENT,75
CAS-1,WINGMAN CONSID/FLT INTEGRITY,52
CAS-2,AGSM,4
CAS-2,ARMAMENT SWITCHOLOGY/FENCE CHK,4
CAS-2,BASIC RANGE PROCEDURES AND PATTERNS,4
CAS-2,BATTLE DAMAGE CHECK,4
CAS-2,COMMUNICATIONS,5
CAS-2,DECISION MAKING/RISK MANAGEMENT,5
CAS-2,DEPARTURE,5
CAS-2,EMERGENCY PROCEDURES,5
CAS-2,FIGHTING WING,4
CAS-2,FINGERTIP,4
CAS-2,FLIGHT COORDINATION,1
CAS-2,FUEL MANAGEMENT,5
CAS-2,G-AWARENESS,4
CAS-2,G-AWARENESS TURNS,2
CAS-2,GROUND OPERATIONS,5
CAS-2,MISSION ANALYSIS,1
CAS-2,MISSION PLANNING/BRIEFING/DEBRIEFING,4
CAS-2,NORMAL LANDING,5
CAS-2,NORMAL PATTERN,5
CAS-2,REJOINS,5
CAS-2,RETURN TO BASE (RTB) PROCEDURES,4
CAS-2,ROUTE,5
CAS-2,SAFE ESCAPE MANEUVER,1
CAS-2,SITUATIONAL AWARENESS,5
CAS-2,TACS/JFIRE PROCEDURES,4
CAS-2,TAKEOFF (SINGLE-SHIP),5
CAS-2,TASK MANAGEMENT,5
CAS-2,THREAT REACTIONS,4
CAS-2,TWO-SHIP FORMATION -- TACTICAL,5
CAS-2,TWO-SHIP MUTUAL SUPPORT,4
CAS-2,VISUAL SEARCH,5
CAS-2,VISUAL SIGNALS,5
CAS-2,WEAPONS EMPLOYMENT,4
CAS-2,WINGMAN CONSID/FLT INTEGRITY,4
DB-1,AGSM,179
DB-1,ARMAMENT SWITCHOLOGY/FENCE CHK,180
DB-1,BATTLE DAMAGE CHECK,177
DB-1,COMMUNICATIONS,184
DB-1,CROSSUNDER,2
DB-1,DECISION MAKING/RISK MANAGEMENT,184
DB-1,DEFENSIVE RANGING/PURSUIT CURVE EXERCISE,152
DB-1,DEPARTURE,176
DB-1,ECHELON,2
DB-1,EMERGENCY PROCEDURES,183
DB-1,FIGHT ANALYSIS,169
DB-1,FIGHTING WING,164
DB-1,FINGERTIP,178
DB-1,FLIGHT COORDINATION,39
DB-1,FORMATION APPROACH (WING),36
DB-1,FORMATION TAKEOFF (WING),42
DB-1,FOUR-SHIP FORMATION - BASIC,35
DB-1,FOUR-SHIP FORMATION - TACTICAL,61
DB-1,FUEL MANAGEMENT,182
DB-1,G-AWARENESS,180
DB-1,G-AWARENESS TURNS,179
DB-1,GROUND OPERATIONS,183
DB-1,INSTRUMENT TRAIL DEPARTURE,9
DB-1,JINK EXERCISE,4
DB-1,MANEUVER MECHANICS,167
DB-1,MANEUVER MECHANICS (OBFM),2
DB-1,MANEUVER SELECTION,167
DB-1,MANEUVER SELECTION (OBFM),2
DB-1,MISSED APPROACH,5
DB-1,MISSION ANALYSIS,29
DB-1,MISSION PLANNING/BRIEFING/DEBRIEFING,164
DB-1,NO FLAP APPROACH/LANDING,4
DB-1,NON-PRECISION APPROACH (HUD ON/OFF),22
DB-1,NORMAL LANDING,153
DB-1,NORMAL PATTERN,77
DB-1,PENETRATION,1
DB-1,PERCH SETUPS,170
DB-1,PRECISION APPROACH (HUD ON/OFF),36
DB-1,REJOINS,180
DB-1,RETURN TO BASE (RTB) PROCEDURES,182
DB-1,REVERSAL / SCISSORS EXERCISE,161
DB-1,ROUTE,177
DB-1,SIMULATED GUNSHOT,3
DB-1,SIMULATED IR MISSILE SHOT,2
DB-1,SINGLE ENGINE APPROACH/LANDING,6
DB-1,SITUATIONAL AWARENESS,184
DB-1,TAKEOFF (SINGLE-SHIP),146
DB-1,TASK MANAGEMENT,184
DB-1,TWO-SHIP FORMATION -- TACTICAL,180
DB-1,VISUAL SEARCH,182
DB-1,VISUAL SIGNALS,180
DB-1,WEZ RECOGNITION,166
DB-1,WINGMAN CONSID/FLT INTEGRITY,145
DB-2,AGSM,180
DB-2,ARMAMENT SWITCHOLOGY/FENCE CHK,181
DB-2,BATTLE DAMAGE CHECK,175
DB-2,COMMUNICATIONS,185
DB-2,CROSSUNDER,5
DB-2,DECISION MAKING/RISK MANAGEMENT,185
DB-2,DEFENSIVE RANGING/PURSUIT CURVE EXERCISE,3
DB-2,DEPARTURE,179
DB-2,ECHELON,5
DB-2,EMERGENCY PROCEDURES,185
DB-2,FIGHT ANALYSIS,176
DB-2,FIGHTING WING,159
DB-2,FINGERTIP,180
DB-2,FLIGHT COORDINATION,35
DB-2,FORMATION APPROACH (WING),14
DB-2,FORMATION TAKEOFF (WING),13
DB-2,FOUR-SHIP FORMATION - BASIC,45
DB-2,FOUR-SHIP FORMATION - TACTICAL,68
DB-2,FUEL MANAGEMENT,184
DB-2,G-AWARENESS,181
DB-2,G-AWARENESS TURNS,180
DB-2,GROUND OPERATIONS,185
DB-2,HIGH/LOW-SPEED DIVE RECOVERY,1
DB-2,INSTRUMENT TRAIL DEPARTURE,30
DB-2,JINK EXERCISE,149
DB-2,MANEUVER MECHANICS,173
DB-2,MANEUVER MECHANICS (OBFM),4
DB-2,MANEUVER SELECTION,172
DB-2,MANEUVER SELECTION (OBFM),4
DB-2,MISSED APPROACH,3
DB-2,MISSION ANALYSIS,15
DB-2,MISSION PLANNING/BRIEFING/DEBRIEFING,170
DB-2,NO FLAP APPROACH/LANDING,4
DB-2,NON-PRECISION APPROACH (HUD ON/OFF),33
DB-2,NORMAL LANDING,152
DB-2,NORMAL PATTERN,69
DB-2,PERCH SETUPS,176
DB-2,PRECISION APPROACH (HUD ON/OFF),70
DB-2,QUARTER-PLANE EXERCISE,1
DB-2,REJOINS,178
DB-2,RETURN TO BASE (RTB) PROCEDURES,184
DB-2,REVERSAL / SCISSORS EXERCISE,3
DB-2,ROUTE,178
DB-2,SIMULATED GUNSHOT,7
DB-2,SIMULATED IR MISSILE SHOT,8
DB-2,SINGLE ENGINE APPROACH/LANDING,11
DB-2,SINGLE ENGINE GO-AROUND,1
DB-2,SITUATIONAL AWARENESS,185
DB-2,TAKEOFF (SINGLE-SHIP),174
DB-2,TASK MANAGEMENT,185
DB-2,TWO-SHIP FORMATION -- TACTICAL,182
DB-2,VISUAL SEARCH,184
DB-2,VISUAL SIGNALS,178
DB-2,WEZ RECOGNITION,177
DB-2,WINGMAN CONSID/FLT INTEGRITY,150
DB-3,AGSM,172
DB-3,ARMAMENT SWITCHOLOGY/FENCE CHK,173
DB-3,BATTLE DAMAGE CHECK,166
DB-3,COMMUNICATIONS,176
DB-3,CROSSUNDER,3
DB-3,DECISION MAKING/RISK MANAGEMENT,176
DB-3,DEFENSIVE RANGING/PURSUIT CURVE EXERCISE,1
DB-3,DEPARTURE,172
DB-3,ECHELON,2
DB-3,EMERGENCY PROCEDURES,176
DB-3,FIGHT ANALYSIS,165
DB-3,FIGHTING WING,156
DB-3,FINGERTIP,167
DB-3,FLIGHT COORDINATION,35
DB-3,FORMATION APPROACH (WING),6
DB-3,FORMATION TAKEOFF (WING),21
DB-3,FOUR-SHIP FORMATION - BASIC,36
DB-3,FOUR-SHIP FORMATION - TACTICAL,64
DB-3,FUEL MANAGEMENT,174
DB-3,G-AWARENESS,172
DB-3,G-AWARENESS TURNS,172
DB-3,GROUND OPERATIONS,176
DB-3,INSTRUMENT TRAIL DEPARTURE,10
DB-3,JINK EXERCISE,1
DB-3,MANEUVER MECHANICS,164
DB-3,MANEUVER MECHANICS (OBFM),3
DB-3,MANEUVER SELECTION,161
DB-3,MANEUVER SELECTION (OBFM),3
DB-3,MISSED APPROACH,3
DB-3,MISSION ANALYSIS,15
DB-3,MISSION PLANNING/BRIEFING/DEBRIEFING,161
DB-3,NO FLAP APPROACH/LANDING,11
DB-3,NON-PRECISION APPROACH (HUD ON/OFF),36
DB-3,NORMAL LANDING,151
DB-3,NORMAL PATTERN,70
DB-3,PENETRATION,1
DB-3,PERCH SETUPS,165
DB-3,PRECISION APPROACH (HUD ON/OFF),66
DB-3,REJOINS,169
DB-3,RETURN TO BASE (RTB) PROCEDURES,174
DB-3,REVERSAL / SCISSORS EXERCISE,1
DB-3,ROUTE,166
DB-3,SIMULATED GUNSHOT,5
DB-3,SIMULATED IR MISSILE SHOT,6
DB-3,SINGLE ENGINE APPROACH/LANDING,12
DB-3,SITUATIONAL AWARENESS,176
DB-3,TAKEOFF (SINGLE-SHIP),156
DB-3,TASK MANAGEMENT,176
DB-3,TWO-SHIP FORMATION -- TACTICAL,172
DB-3,VISUAL SEARCH,172
DB-3,VISUAL SIGNALS,171
DB-3,WEZ RECOGNITION,166
DB-3,WINGMAN CONSID/FLT INTEGRITY,141
DB-4,AGSM,183
DB-4,ARMAMENT SWITCHOLOGY/FENCE CHK,186
DB-4,BATTLE DAMAGE CHECK,180
DB-4,COMMUNICATIONS,187
DB-4,CROSSUNDER,2
DB-4,DECISION MAKING/RISK MANAGEMENT,187
DB-4,DEFENSIVE RANGING/PURSUIT CURVE EXERCISE,6
DB-4,DEPARTURE,186
DB-4,ECHELON,2
DB-4,EMERGENCY PROCEDURES,187
DB-4,FIGHT ANALYSIS,182
DB-4,FIGHTING WING,159
DB-4,FINGERTIP,184
DB-4,FLIGHT COORDINATION,37
DB-4,FORMATION APPROACH (WING),6
DB-4,FORMATION TAKEOFF (WING),14
DB-4,FOUR-SHIP FORMATION - BASIC,35
DB-4,FOUR-SHIP FORMATION - TACTICAL,48
DB-4,FUEL MANAGEMENT,187
DB-4,G-AWARENESS,184
DB-4,G-AWARENESS TURNS,183
DB-4,GROUND OPERATIONS,187
DB-4,INSTRUMENT TRAIL DEPARTURE,11
DB-4,JINK EXERCISE,5
DB-4,MANEUVER MECHANICS,180
DB-4,MANEUVER MECHANICS (OBFM),2
DB-4,MANEUVER SELECTION,180
DB-4,MANEUVER SELECTION (OBFM),2
DB-4,MISSED APPROACH,1
DB-4,MISSION ANALYSIS,19
DB-4,MISSION PLANNING/BRIEFING/DEBRIEFING,168
DB-4,NO FLAP APPROACH/LANDING,1
DB-4,NON-PRECISION APPROACH (HUD ON/OFF),17
DB-4,NORMAL LANDING,173
DB-4,NORMAL PATTERN,134
DB-4,PENETRATION,1
DB-4,PERCH SETUPS,182
DB-4,PRECISION APPROACH (HUD ON/OFF),27
DB-4,REJOINS,181
DB-4,RETURN TO BASE (RTB) PROCEDURES,184
DB-4,REVERSAL / SCISSORS EXERCISE,5
DB-4,ROUTE,181
DB-4,SIMULATED GUNSHOT,15
DB-4,SIMULATED IR MISSILE SHOT,15
DB-4,SINGLE ENGINE APPROACH/LANDING,2
DB-4,SITUATIONAL AWARENESS,187
DB-4,TAKEOFF (SINGLE-SHIP),175
DB-4,TASK MANAGEMENT,187
DB-4,TWO-SHIP FORMATION -- TACTICAL,184
DB-4,VISUAL SEARCH,186
DB-4,VISUAL SIGNALS,186
DB-4,WEZ RECOGNITION,182
DB-4,WINGMAN CONSID/FLT INTEGRITY,150
F-1,AGSM,74
F-1,ARMAMENT SWITCHOLOGY/FENCE CHK,74
F-1,BATTLE DAMAGE CHECK,67
F-1,COMMUNICATIONS,74
F-1,CROSSUNDER,73
F-1,DECISION MAKING/RISK MANAGEMENT,74
F-1,DEPARTURE,72
F-1,ECHELON,65
F-1,EMERGENCY PROCEDURES,75
F-1,FIGHTING WING,70
F-1,FINGERTIP,74
F-1,FLIGHT COORDINATION,35
F-1,FORMATION TAKEOFF (WING),3
F-1,FOUR-SHIP FORMATION - BASIC,2
F-1,FUEL MANAGEMENT,73
F-1,G-AWARENESS,74
F-1,G-AWARENESS TURNS,73
F-1,GROUND OPERATIONS,74
F-1,GUNS TRACKING EXERCISE,39
F-1,HEAT-TO-GUNS EXERCISE,36
F-1,INSTRUMENT TRAIL DEPARTURE,1
F-1,MISSED APPROACH,1
F-1,MISSION ANALYSIS,19
F-1,MISSION PLANNING/BRIEFING/DEBRIEFING,56
F-1,NO FLAP APPROACH/LANDING,32
F-1,NON-PRECISION APPROACH (HUD ON/OFF),3
F-1,NORMAL LANDING,74
F-1,NORMAL PATTERN,73
F-1,PRECISION APPROACH (HUD ON/OFF),6
F-1,REJOINS,72
F-1,RETURN TO BASE (RTB) PROCEDURES,72
F-1,ROUTE,74
F-1,SIMULATED GUNSHOT,73
F-1,SIMULATED IR MISSILE SHOT,46
F-1,SINGLE ENGINE APPROACH/LANDING,20
F-1,SINGLE ENGINE GO-AROUND,1
F-1,SITUATIONAL AWARENESS,74
F-1,TAKEOFF (SINGLE-SHIP),72
F-1,TASK MANAGEMENT,74
F-1,TWO-SHIP FORMATION -- TACTICAL,74
F-1,VISUAL SEARCH,74
F-1,VISUAL SIGNALS,73
F-1,WINGMAN CONSID/FLT INTEGRITY,38
F-2,AGSM,167
F-2,ARMAMENT SWITCHOLOGY/FENCE CHK,167
F-2,BATTLE DAMAGE CHECK,159
F-2,COMMUNICATIONS,171
F-2,CROSSUNDER,161
F-2,DECISION MAKING/RISK MANAGEMENT,171
F-2,DEPARTURE,165
F-2,ECHELON,131
F-2,EMERGENCY PROCEDURES,171
F-2,FIGHTING WING,146
F-2,FINGERTIP,167
F-2,FLIGHT COORDINATION,39
F-2,FORMATION APPROACH (WING),1
F-2,FORMATION TAKEOFF (WING),8
F-2,FOUR-SHIP FORMATION - BASIC,15
F-2,FOUR-SHIP FORMATION - TACTICAL,20
F-2,FUEL MANAGEMENT,169
F-2,G-AWARENESS,167
F-2,G-AWARENESS TURNS,164
F-2,GROUND OPERATIONS,171
F-2,GUNS TRACKING EXERCISE,12
F-2,HEAT-TO-GUNS EXERCISE,161
F-2,INSTRUMENT TRAIL DEPARTURE,6
F-2,MISSED APPROACH,7
F-2,MISSION ANALYSIS,19
F-2,MISSION PLANNING/BRIEFING/DEBRIEFING,153
F-2,NO FLAP APPROACH/LANDING,55
F-2,NON-PRECISION APPROACH (HUD ON/OFF),52
F-2,NORMAL LANDING,163
F-2,NORMAL PATTERN,139
F-2,PENETRATION,1
F-2,PRECISION APPROACH (HUD ON/OFF),58
F-2,REJOINS,165
F-2,RETURN TO BASE (RTB) PROCEDURES,168
F-2,ROUTE,166
F-2,SIMULATED GUNSHOT,158
F-2,SIMULATED IR MISSILE SHOT,160
F-2,SINGLE ENGINE APPROACH/LANDING,58
F-2,SINGLE ENGINE GO-AROUND,5
F-2,SITUATIONAL AWARENESS,171
F-2,TAKEOFF (SINGLE-SHIP),164
F-2,TASK MANAGEMENT,171
F-2,TWO-SHIP FORMATION -- TACTICAL,165
F-2,VISUAL SEARCH,170
F-2,VISUAL SIGNALS,166
F-2,WINGMAN CONSID/FLT INTEGRITY,130
F-3,AGSM,167
F-3,ARMAMENT SWITCHOLOGY/FENCE CHK,167
F-3,BATTLE DAMAGE CHECK,162
F-3,COMMUNICATIONS,168
F-3,CROSSUNDER,157
F-3,DECISION MAKING/RISK MANAGEMENT,168
F-3,DEPARTURE,165
F-3,ECHELON,146
F-3,EMERGENCY PROCEDURES,168
F-3,FIGHTING WING,165
F-3,FINGERTIP,168
F-3,FLIGHT COORDINATION,41
F-3,FORMATION APPROACH (WING),26
F-3,FORMATION TAKEOFF (WING),45
F-3,FOUR-SHIP FORMATION - BASIC,93
F-3,FOUR-SHIP FORMATION - TACTICAL,103
F-3,FUEL MANAGEMENT,167
F-3,G-AWARENESS,167
F-3,G-AWARENESS TURNS,167
F-3,GROUND OPERATIONS,168
F-3,GUNS TRACKING EXERCISE,5
F-3,HEAT-TO-GUNS EXERCISE,156
F-3,INSTRUMENT TRAIL DEPARTURE,6
F-3,MISSED APPROACH,6
F-3,MISSION ANALYSIS,29
F-3,MISSION PLANNING/BRIEFING/DEBRIEFING,150
F-3,NO FLAP APPROACH/LANDING,67
F-3,NON-PRECISION APPROACH (HUD ON/OFF),14
F-3,NORMAL LANDING,157
F-3,NORMAL PATTERN,149
F-3,PENETRATION,2
F-3,PRECISION APPROACH (HUD ON/OFF),27
F-3,REJOINS,160
F-3,RETURN TO BASE (RTB) PROCEDURES,168
F-3,ROUTE,168
F-3,SIMULATED GUNSHOT,152
F-3,SIMULATED IR MISSILE SHOT,154
F-3,SINGLE ENGINE APPROACH/LANDING,35
F-3,SINGLE ENGINE GO-AROUND,2
F-3,SITUATIONAL AWARENESS,168
F-3,TAKEOFF (SINGLE-SHIP),128
F-3,TASK MANAGEMENT,168
F-3,TWO-SHIP FORMATION -- TACTICAL,168
F-3,VISUAL SEARCH,168
F-3,VISUAL SIGNALS,168
F-3,WINGMAN CONSID/FLT INTEGRITY,127
F-4,AGSM,122
F-4,ARMAMENT SWITCHOLOGY/FENCE CHK,122
F-4,BATTLE DAMAGE CHECK,121
F-4,COMMUNICATIONS,124
F-4,CROSSUNDER,115
F-4,DECISION MAKING/RISK MANAGEMENT,124
F-4,DEPARTURE,120
F-4,ECHELON,102
F-4,EMERGENCY PROCEDURES,124
F-4,FIGHTING WING,114
F-4,FINGERTIP,122
F-4,FORMATION APPROACH (WING),53
F-4,FORMATION TAKEOFF (WING),68
F-4,FOUR-SHIP FORMATION - BASIC,59
F-4,FOUR-SHIP FORMATION - TACTICAL,74
F-4,FUEL MANAGEMENT,123
F-4,G-AWARENESS,122
F-4,G-AWARENESS TURNS,122
F-4,GROUND OPERATIONS,124
F-4,GUNS TRACKING EXERCISE,2
F-4,HEAT-TO-GUNS EXERCISE,119
F-4,INSTRUMENT TRAIL DEPARTURE,5
F-4,MISSED APPROACH,1
F-4,MISSION PLANNING/BRIEFING/DEBRIEFING,90
F-4,NO FLAP APPROACH/LANDING,38
F-4,NON-PRECISION APPROACH (HUD ON/OFF),4
F-4,NORMAL LANDING,107
F-4,NORMAL PATTERN,90
F-4,PRECISION APPROACH (HUD ON/OFF),10
F-4,REJOINS,120
F-4,RETURN TO BASE (RTB) PROCEDURES,122
F-4,ROUTE,122
F-4,SIMULATED GUNSHOT,119
F-4,SIMULATED IR MISSILE SHOT,119
F-4,SINGLE ENGINE APPROACH/LANDING,17
F-4,SINGLE ENGINE GO-AROUND,4
F-4,SITUATIONAL AWARENESS,124
F-4,TAKEOFF (SINGLE-SHIP),60
F-4,TASK MANAGEMENT,124
F-4,TWO-SHIP FORMATION -- TACTICAL,120
F-4,VISUAL SEARCH,123
F-4,VISUAL SIGNALS,121
F-4,WINGMAN CONSID/FLT INTEGRITY,123
H-1,AGSM,161
H-1,ARMAMENT SWITCHOLOGY/FENCE CHK,161
H-1,BATTLE DAMAGE CHECK,28
H-1,BREAK TURN/ACCELERATED STALL,156
H-1,COMMUNICATIONS,164
H-1,DECISION MAKING/RISK MANAGEMENT,164
H-1,DEPARTURE,161
H-1,EM MANEUVERS,123
H-1,EMERGENCY PROCEDURES,164
H-1,ENERGY MANEUVERABILITY,34
H-1,FIGHTING WING,2
H-1,FINGERTIP,3
H-1,FLIGHT COORDINATION,31
H-1,FORMATION APPROACH (WING),4
H-1,FORMATION TAKEOFF (WING),2
H-1,FUEL MANAGEMENT,162
H-1,G-AWARENESS,161
H-1,G-AWARENESS TURNS,161
H-1,GROUND OPERATIONS,163
H-1,HIGH/LOW-SPEED DIVE RECOVERY,154
H-1,INSTRUMENT TRAIL DEPARTURE,4
H-1,MISSED APPROACH,124
H-1,MISSION ANALYSIS,24
H-1,MISSION PLANNING/BRIEFING/DEBRIEFING,87
H-1,NO FLAP APPROACH/LANDING,133
H-1,NON-PRECISION APPROACH (HUD ON/OFF),149
H-1,NORMAL LANDING,156
H-1,NORMAL PATTERN,148
H-1,PENETRATION,33
H-1,PRECISION APPROACH (HUD ON/OFF),102
H-1,REJOINS,3
H-1,RETURN TO BASE (RTB) PROCEDURES,161
H-1,ROUTE,3
H-1,SINGLE ENGINE APPROACH/LANDING,145
H-1,SINGLE ENGINE GO-AROUND,16
H-1,SINGLE-SHIP JINK EXERCISE,150
H-1,SITUATIONAL AWARENESS,164
H-1,TAKEOFF (SINGLE-SHIP),163
H-1,TASK MANAGEMENT,163
H-1,TWO-SHIP FORMATION -- TACTICAL,4
H-1,VISUAL SEARCH,152
H-1,VISUAL SIGNALS,3
H-1,WINGMAN CONSID/FLT INTEGRITY,53
HB-1,AGSM,146
HB-1,ARMAMENT SWITCHOLOGY/FENCE CHK,146
HB-1,BATTLE DAMAGE CHECK,140
HB-1,BUTTERFLY SETUPS,140
HB-1,COMMUNICATIONS,149
HB-1,CROSSUNDER,3
HB-1,DECISION MAKING/RISK MANAGEMENT,149
HB-1,DEPARTURE,147
HB-1,ECHELON,2
HB-1,EMERGENCY PROCEDURES,151
HB-1,FIGHT ANALYSIS,135
HB-1,FIGHTING WING,134
HB-1,FINGERTIP,143
HB-1,FLIGHT COORDINATION,34
HB-1,FORMATION APPROACH (WING),9
HB-1,FORMATION TAKEOFF (WING),34
HB-1,FOUR-SHIP FORMATION - BASIC,18
HB-1,FOUR-SHIP FORMATION - TACTICAL,33
HB-1,FUEL MANAGEMENT,148
HB-1,G-AWARENESS,146
HB-1,G-AWARENESS TURNS,146
HB-1,GROUND OPERATIONS,150
HB-1,HIGH ANGLE GUN/SEPARATION EXERCISE,1
HB-1,INSTRUMENT TRAIL DEPARTURE,8
HB-1,LEAD TURN EXERCISE,129
HB-1,MANEUVER MECHANICS,136
HB-1,MANEUVER SELECTION,135
HB-1,MISSED APPROACH,3
HB-1,MISSION ANALYSIS,20
HB-1,MISSION PLANNING/BRIEFING/DEBRIEFING,131
HB-1,NO FLAP APPROACH/LANDING,3
HB-1,NON-PRECISION APPROACH (HUD ON/OFF),27
HB-1,NORMAL LANDING,120
HB-1,NORMAL PATTERN,66
HB-1,PENETRATION,2
HB-1,PRECISION APPROACH (HUD ON/OFF),47
HB-1,REJOINS,144
HB-1,RETURN TO BASE (RTB) PROCEDURES,148
HB-1,ROUTE,141
HB-1,SIMULATED GUNSHOT,67
HB-1,SIMULATED IR MISSILE SHOT,97
HB-1,SINGLE ENGINE APPROACH/LANDING,4
HB-1,SINGLE ENGINE GO-AROUND,1
HB-1,SITUATIONAL AWARENESS,150
HB-1,TAKEOFF (SINGLE-SHIP),119
HB-1,TASK MANAGEMENT,150
HB-1,TWO-SHIP FORMATION -- TACTICAL,149
HB-1,VISUAL SEARCH,147
HB-1,VISUAL SIGNALS,142
HB-1,WEZ RECOGNITION,123
HB-1,WINGMAN CONSID/FLT INTEGRITY,115
HB-2,AGSM,78
HB-2,ARMAMENT SWITCHOLOGY/FENCE CHK,78
HB-2,BATTLE DAMAGE CHECK,76
HB-2,BUTTERFLY SETUPS,77
HB-2,COMMUNICATIONS,78
HB-2,CROSSUNDER,1
HB-2,DECISION MAKING/RISK MANAGEMENT,78
HB-2,DEPARTURE,74
HB-2,ECHELON,1
HB-2,EMERGENCY PROCEDURES,78
HB-2,FIGHT ANALYSIS,77
HB-2,FIGHTING WING,67
HB-2,FINGERTIP,74
HB-2,FLIGHT COORDINATION,18
HB-2,FORMATION APPROACH (WING),3
HB-2,FORMATION TAKEOFF (WING),9
HB-2,FOUR-SHIP FORMATION - BASIC,8
HB-2,FOUR-SHIP FORMATION - TACTICAL,10
HB-2,FUEL MANAGEMENT,78
HB-2,G-AWARENESS,78
HB-2,G-AWARENESS TURNS,78
HB-2,GROUND OPERATIONS,78
HB-2,HIGH ANGLE GUN/SEPARATION EXERCISE,13
HB-2,INSTRUMENT TRAIL DEPARTURE,6
HB-2,LEAD TURN EXERCISE,2
HB-2,MANEUVER MECHANICS,77
HB-2,MANEUVER SELECTION,77
HB-2,MISSION ANALYSIS,13
HB-2,MISSION PLANNING/BRIEFING/DEBRIEFING,65
HB-2,NO FLAP APPROACH/LANDING,2
HB-2,NON-PRECISION APPROACH (HUD ON/OFF),17
HB-2,NORMAL LANDING,64
HB-2,NORMAL PATTERN,43
HB-2,PENETRATION,3
HB-2,PRECISION APPROACH (HUD ON/OFF),14
HB-2,REJOINS,74
HB-2,RETURN TO BASE (RTB) PROCEDURES,78
HB-2,ROUTE,73
HB-2,SIMULATED GUNSHOT,45
HB-2,SIMULATED IR MISSILE SHOT,40
HB-2,SINGLE ENGINE APPROACH/LANDING,6
HB-2,SINGLE ENGINE GO-AROUND,1
HB-2,SITUATIONAL AWARENESS,78
HB-2,TAKEOFF (SINGLE-SHIP),70
HB-2,TASK MANAGEMENT,78
HB-2,TWO-SHIP FORMATION -- TACTICAL,77
HB-2,VISUAL SEARCH,78
HB-2,VISUAL SIGNALS,78
HB-2,WEZ RECOGNITION,69
HB-2,WINGMAN CONSID/FLT INTEGRITY,60
HB-3,AGSM,14
HB-3,ARMAMENT SWITCHOLOGY/FENCE CHK,14
HB-3,BATTLE DAMAGE CHECK,14
HB-3,BUTTERFLY SETUPS,14
HB-3,COMMUNICATIONS,14
HB-3,DECISION MAKING/RISK MANAGEMENT,14
HB-3,DEPARTURE,14
HB-3,EMERGENCY PROCEDURES,14
HB-3,FIGHT ANALYSIS,14
HB-3,FIGHTING WING,10
HB-3,FINGERTIP,14
HB-3,FLIGHT COORDINATION,2
HB-3,FORMATION TAKEOFF (WING),2
HB-3,FOUR-SHIP FORMATION - BASIC,3
HB-3,FOUR-SHIP FORMATION - TACTICAL,3
HB-3,FUEL MANAGEMENT,14
HB-3,G-AWARENESS,14
HB-3,G-AWARENESS TURNS,14
HB-3,GROUND OPERATIONS,14
HB-3,INSTRUMENT TRAIL DEPARTURE,1
HB-3,MANEUVER MECHANICS,14
HB-3,MANEUVER SELECTION,14
HB-3,MISSION ANALYSIS,2
HB-3,MISSION PLANNING/BRIEFING/DEBRIEFING,12
HB-3,NON-PRECISION APPROACH (HUD ON/OFF),2
HB-3,NORMAL LANDING,13
HB-3,NORMAL PATTERN,9
HB-3,PENETRATION,2
HB-3,PRECISION APPROACH (HUD ON/OFF),1
HB-3,REJOINS,13
HB-3,RETURN TO BASE (RTB) PROCEDURES,14
HB-3,ROUTE,14
HB-3,SIMULATED GUNSHOT,8
HB-3,SIMULATED IR MISSILE SHOT,8
HB-3,SITUATIONAL AWARENESS,14
HB-3,TAKEOFF (SINGLE-SHIP),10
HB-3,TASK MANAGEMENT,14
HB-3,TWO-SHIP FORMATION -- TACTICAL,14
HB-3,VISUAL SEARCH,14
HB-3,VISUAL SIGNALS,14
HB-3,WEZ RECOGNITION,14
HB-3,WINGMAN CONSID/FLT INTEGRITY,12
OB-1,AGSM,164
OB-1,ARMAMENT SWITCHOLOGY/FENCE CHK,164
OB-1,BATTLE DAMAGE CHECK,161
OB-1,COMMUNICATIONS,164
OB-1,CROSSUNDER,45
OB-1,DECISION MAKING/RISK MANAGEMENT,164
OB-1,DEPARTURE,164
OB-1,ECHELON,28
OB-1,EMERGENCY PROCEDURES,164
OB-1,FIGHT ANALYSIS,162
OB-1,FIGHTING WING,133
OB-1,FINGERTIP,162
OB-1,FLIGHT COORDINATION,33
OB-1,FORMATION APPROACH (WING),8
OB-1,FORMATION TAKEOFF (WING),28
OB-1,FUEL MANAGEMENT,164
OB-1,G-AWARENESS,164
OB-1,G-AWARENESS TURNS,164
OB-1,GROUND OPERATIONS,164
OB-1,INSTRUMENT TRAIL DEPARTURE,5
OB-1,LOST WINGMAN PROCEDURES,2
OB-1,MANEUVER MECHANICS,130
OB-1,MANEUVER MECHANICS (OBFM),33
OB-1,MANEUVER SELECTION,129
OB-1,MANEUVER SELECTION (OBFM),33
OB-1,MISSION ANALYSIS,30
OB-1,MISSION PLANNING/BRIEFING/DEBRIEFING,134
OB-1,NO FLAP APPROACH/LANDING,17
OB-1,NON-PRECISION APPROACH (HUD ON/OFF),10
OB-1,NORMAL LANDING,158
OB-1,NORMAL PATTERN,138
OB-1,PERCH SETUPS,162
OB-1,PRECISION APPROACH (HUD ON/OFF),23
OB-1,QUARTER-PLANE EXERCISE,153
OB-1,REJOINS,175
OB-1,RETURN TO BASE (RTB) PROCEDURES,163
OB-1,ROUTE,161
OB-1,SIMULATED GUNSHOT,162
OB-1,SIMULATED IR MISSILE SHOT,146
OB-1,SINGLE ENGINE APPROACH/LANDING,9
OB-1,SITUATIONAL AWARENESS,164
OB-1,TAKEOFF (SINGLE-SHIP),141
OB-1,TASK MANAGEMENT,164
OB-1,TWO-SHIP FORMATION -- TACTICAL,163
OB-1,VISUAL SEARCH,164
OB-1,VISUAL SIGNALS,161
OB-1,WEZ RECOGNITION,162
OB-1,WINGMAN CONSID/FLT INTEGRITY,131
OB-2,AGSM,178
OB-2,ARMAMENT SWITCHOLOGY/FENCE CHK,178
OB-2,BATTLE DAMAGE CHECK,175
OB-2,COMMUNICATIONS,182
OB-2,CROSSUNDER,55
OB-2,DECISION MAKING/RISK MANAGEMENT,181
OB-2,DEPARTURE,180
OB-2,ECHELON,49
OB-2,EMERGENCY PROCEDURES,182
OB-2,FIGHT ANALYSIS,174
OB-2,FIGHTING WING,167
OB-2,FINGERTIP,180
OB-2,FLIGHT COORDINATION,39
OB-2,FORMATION APPROACH (WING),124
OB-2,FORMATION TAKEOFF (WING),153
OB-2,FUEL MANAGEMENT,181
OB-2,G-AWARENESS,178
OB-2,G-AWARENESS TURNS,178
OB-2,GROUND OPERATIONS,182
OB-2,INSTRUMENT TRAIL DEPARTURE,4
OB-2,LOST WINGMAN PROCEDURES,1
OB-2,MANEUVER MECHANICS,137
OB-2,MANEUVER MECHANICS (OBFM),37
OB-2,MANEUVER SELECTION,137
OB-2,MANEUVER SELECTION (OBFM),37
OB-2,MISSED APPROACH,2
OB-2,MISSION ANALYSIS,34
OB-2,MISSION PLANNING/BRIEFING/DEBRIEFING,147
OB-2,NO FLAP APPROACH/LANDING,8
OB-2,NON-PRECISION APPROACH (HUD ON/OFF),8
OB-2,NORMAL LANDING,138
OB-2,NORMAL PATTERN,58
OB-2,PERCH SETUPS,174
OB-2,PRECISION APPROACH (HUD ON/OFF),11
OB-2,QUARTER-PLANE EXERCISE,3
OB-2,REJOINS,194
OB-2,RETURN TO BASE (RTB) PROCEDURES,181
OB-2,ROUTE,180
OB-2,SIMULATED GUNSHOT,173
OB-2,SIMULATED IR MISSILE SHOT,164
OB-2,SINGLE ENGINE APPROACH/LANDING,7
OB-2,SINGLE ENGINE GO-AROUND,1
OB-2,SITUATIONAL AWARENESS,181
OB-2,TAKEOFF (SINGLE-SHIP),32
OB-2,TASK MANAGEMENT,181
OB-2,TWO-SHIP FORMATION -- TACTICAL,179
OB-2,VISUAL SEARCH,181
OB-2,VISUAL SIGNALS,180
OB-2,WEZ RECOGNITION,174
OB-2,WINGMAN CONSID/FLT INTEGRITY,140
OB-3,AGSM,150
OB-3,ARMAMENT SWITCHOLOGY/FENCE CHK,150
OB-3,BATTLE DAMAGE CHECK,143
OB-3,COMMUNICATIONS,151
OB-3,CROSSUNDER,31
OB-3,DECISION MAKING/RISK MANAGEMENT,151
OB-3,DEPARTURE,151
OB-3,ECHELON,25
OB-3,EMERGENCY PROCEDURES,152
OB-3,FIGHT ANALYSIS,148
OB-3,FIGHTING WING,133
OB-3,FINGERTIP,149
OB-3,FLIGHT COORDINATION,34
OB-3,FORMATION APPROACH (WING),95
OB-3,FORMATION TAKEOFF (WING),99
OB-3,FOUR-SHIP FORMATION - BASIC,23
OB-3,FOUR-SHIP FORMATION - TACTICAL,45
OB-3,FUEL MANAGEMENT,151
OB-3,G-AWARENESS,150
OB-3,G-AWARENESS TURNS,150
OB-3,GROUND OPERATIONS,152
OB-3,INSTRUMENT TRAIL DEPARTURE,4
OB-3,LOST WINGMAN PROCEDURES,2
OB-3,MANEUVER MECHANICS,115
OB-3,MANEUVER MECHANICS (OBFM),33
OB-3,MANEUVER SELECTION,115
OB-3,MANEUVER SELECTION (OBFM),33
OB-3,MISSED APPROACH,4
OB-3,MISSION ANALYSIS,32
OB-3,MISSION PLANNING/BRIEFING/DEBRIEFING,120
OB-3,NON-PRECISION APPROACH (HUD ON/OFF),14
OB-3,NORMAL LANDING,111
OB-3,NORMAL PATTERN,43
OB-3,PERCH SETUPS,148
OB-3,PRECISION APPROACH (HUD ON/OFF),9
OB-3,QUARTER-PLANE EXERCISE,2
OB-3,REJOINS,162
OB-3,RETURN TO BASE (RTB) PROCEDURES,151
OB-3,ROUTE,150
OB-3,SIMULATED GUNSHOT,147
OB-3,SIMULATED IR MISSILE SHOT,145
OB-3,SINGLE ENGINE APPROACH/LANDING,4
OB-3,SITUATIONAL AWARENESS,151
OB-3,TAKEOFF (SINGLE-SHIP),58
OB-3,TASK MANAGEMENT,151
OB-3,TWO-SHIP FORMATION -- TACTICAL,149
OB-3,VISUAL SEARCH,151
OB-3,VISUAL SIGNALS,149
OB-3,WEZ RECOGNITION,148
OB-3,WINGMAN CONSID/FLT INTEGRITY,117
OB-4,AGSM,144
OB-4,ARMAMENT SWITCHOLOGY/FENCE CHK,143
OB-4,BATTLE DAMAGE CHECK,142
OB-4,COMMUNICATIONS,150
OB-4,CROSSUNDER,31
OB-4,DECISION MAKING/RISK MANAGEMENT,150
OB-4,DEPARTURE,147
OB-4,ECHELON,21
OB-4,EMERGENCY PROCEDURES,150
OB-4,FIGHT ANALYSIS,142
OB-4,FIGHTING WING,125
OB-4,FINGERTIP,143
OB-4,FLIGHT COORDINATION,34
OB-4,FORMATION APPROACH (WING),10
OB-4,FORMATION TAKEOFF (WING),15
OB-4,FOUR-SHIP FORMATION - BASIC,18
OB-4,FOUR-SHIP FORMATION - TACTICAL,23
OB-4,FUEL MANAGEMENT,149
OB-4,G-AWARENESS,144
OB-4,G-AWARENESS TURNS,144
OB-4,GROUND OPERATIONS,150
OB-4,INSTRUMENT TRAIL DEPARTURE,5
OB-4,MANEUVER MECHANICS,109
OB-4,MANEUVER MECHANICS (OBFM),33
OB-4,MANEUVER SELECTION,109
OB-4,MANEUVER SELECTION (OBFM),33
OB-4,MISSED APPROACH,3
OB-4,MISSION ANALYSIS,30
OB-4,MISSION PLANNING/BRIEFING/DEBRIEFING,120
OB-4,NO FLAP APPROACH/LANDING,4
OB-4,NON-PRECISION APPROACH (HUD ON/OFF),6
OB-4,NORMAL LANDING,138
OB-4,NORMAL PATTERN,114
OB-4,PERCH SETUPS,142
OB-4,PRECISION APPROACH (HUD ON/OFF),19
OB-4,QUARTER-PLANE EXERCISE,3
OB-4,REJOINS,160
OB-4,RETURN TO BASE (RTB) PROCEDURES,148
OB-4,ROUTE,136
OB-4,SIMULATED GUNSHOT,142
OB-4,SIMULATED IR MISSILE SHOT,140
OB-4,SINGLE ENGINE APPROACH/LANDING,2
OB-4,SINGLE ENGINE GO-AROUND,1
OB-4,SITUATIONAL AWARENESS,150
OB-4,TAKEOFF (SINGLE-SHIP),137
OB-4,TASK MANAGEMENT,150
OB-4,TWO-SHIP FORMATION -- TACTICAL,145
OB-4,VISUAL SEARCH,148
OB-4,VISUAL SIGNALS,147
OB-4,WEZ RECOGNITION,142
OB-4,WINGMAN CONSID/FLT INTEGRITY,116
S-1,10-DEGREE LAHD POPUP,2
S-1,20-DEGREE LALD POPUP,1
S-1,AGSM,141
S-1,ARMAMENT SWITCHOLOGY/FENCE CHK,148
S-1,BATTLE DAMAGE CHECK,131
S-1,CLIMBING SAFE-ESCAPE MANEUVER (CSEM),131
S-1,COMMUNICATIONS,150
S-1,CONVENTIONAL 10-DEGREE LAHD,135
S-1,CONVENTIONAL 20-DEGREE LALD,125
S-1,CONVENTIONAL 30-DEGREE DB,115
S-1,CONVENTIONAL/TAC RANGE PROC/PATTERNS,140
S-1,CROSSUNDER,2
S-1,DECISION MAKING/RISK MANAGEMENT,150
S-1,DEPARTURE,149
S-1,ECHELON,2
S-1,EMERGENCY PROCEDURES,150
S-1,ERROR ANALYSIS,137
S-1,FIGHTING WING,101
S-1,FINGERTIP,142
S-1,FLIGHT COORDINATION,29
S-1,FORMATION APPROACH (WING),3
S-1,FORMATION TAKEOFF (WING),13
S-1,FOUR-SHIP FORMATION - BASIC,61
S-1,FOUR-SHIP FORMATION - TACTICAL,92
S-1,FUEL MANAGEMENT,147
S-1,G-AWARENESS,142
S-1,G-AWARENESS TURNS,119
S-1,GROUND OPERATIONS,151
S-1,HIGH ANGLE STRAFE (HAS),113
S-1,INSTRUMENT TRAIL DEPARTURE,4
S-1,LEVEL DELIVERY,2
S-1,LEVEL TURNING MANEUVER,3
S-1,LEVEL/POPUP RANGE,3
S-1,MISSED APPROACH,3
S-1,MISSION ANALYSIS,13
S-1,MISSION PLANNING/BRIEFING/DEBRIEFING,138
S-1,NO FLAP APPROACH/LANDING,2
S-1,NON-PRECISION APPROACH (HUD ON/OFF),29
S-1,NORMAL LANDING,129
S-1,NORMAL PATTERN,90
S-1,PENETRATION,3
S-1,PRECISION APPROACH (HUD ON/OFF),34
S-1,REJOINS,142
S-1,RETURN TO BASE (RTB) PROCEDURES,149
S-1,ROUTE,143
S-1,SAFE ESCAPE MANEUVER,2
S-1,SINGLE ENGINE APPROACH/LANDING,4
S-1,SINGLE ENGINE GO-AROUND,2
S-1,SITUATIONAL AWARENESS,150
S-1,TAKEOFF (SINGLE-SHIP),141
S-1,TASK MANAGEMENT,150
S-1,TWO-SHIP FORMATION -- TACTICAL,128
S-1,VISUAL SEARCH,148
S-1,VISUAL SIGNALS,145
S-1,WEAPONS DELIVERY EVENTS/PARAMETERS,2
S-1,WINGMAN CONSID/FLT INTEGRITY,121
S-2,AGSM,162
S-2,ARMAMENT SWITCHOLOGY/FENCE CHK,162
S-2,BATTLE DAMAGE CHECK,153
S-2,CLIMBING SAFE-ESCAPE MANEUVER (CSEM),149
S-2,COMMUNICATIONS,166
S-2,CONVENTIONAL 10-DEGREE LAHD,148
S-2,CONVENTIONAL 20-DEGREE LALD,134
S-2,CONVENTIONAL 30-DEGREE DB,129
S-2,CONVENTIONAL/TAC RANGE PROC/PATTERNS,152
S-2,CROSSUNDER,2
S-2,DECISION MAKING/RISK MANAGEMENT,166
S-2,DEPARTURE,164
S-2,ECHELON,2
S-2,EMERGENCY PROCEDURES,166
S-2,ERROR ANALYSIS,146
S-2,FIGHTING WING,104
S-2,FINGERTIP,155
S-2,FLIGHT COORDINATION,31
S-2,FORMATION APPROACH (WING),2
S-2,FORMATION TAKEOFF (WING),21
S-2,FOUR-SHIP FORMATION - BASIC,57
S-2,FOUR-SHIP FORMATION - TACTICAL,73
S-2,FUEL MANAGEMENT,165
S-2,G-AWARENESS,162
S-2,G-AWARENESS TURNS,139
S-2,GROUND OPERATIONS,166
S-2,HIGH ANGLE STRAFE (HAS),121
S-2,INSTRUMENT TRAIL DEPARTURE,6
S-2,LEVEL DELIVERY,1
S-2,LEVEL/POPUP RANGE,1
S-2,MISSED APPROACH,2
S-2,MISSION ANALYSIS,11
S-2,MISSION PLANNING/BRIEFING/DEBRIEFING,155
S-2,NO FLAP APPROACH/LANDING,3
S-2,NON-PRECISION APPROACH (HUD ON/OFF),19
S-2,NORMAL LANDING,146
S-2,NORMAL PATTERN,123
S-2,PENETRATION,1
S-2,PRECISION APPROACH (HUD ON/OFF),23
S-2,REJOINS,155
S-2,RETURN TO BASE (RTB) PROCEDURES,164
S-2,ROUTE,154
S-2,SAFE ESCAPE MANEUVER,3
S-2,SINGLE ENGINE APPROACH/LANDING,1
S-2,SINGLE ENGINE GO-AROUND,1
S-2,SITUATIONAL AWARENESS,166
S-2,TAKEOFF (SINGLE-SHIP),148
S-2,TASK MANAGEMENT,166
S-2,TWO-SHIP FORMATION -- TACTICAL,136
S-2,VISUAL SEARCH,165
S-2,VISUAL SIGNALS,156
S-2,WEAPONS DELIVERY EVENTS/PARAMETERS,3
S-2,WINGMAN CONSID/FLT INTEGRITY,135
S-3,10 DEGREE LAHD POPUP,25
S-3,10-DEGREE LAHD POPUP,108
S-3,20 DEGREE LALD POPUP,21
S-3,20-DEGREE LALD POPUP,98
S-3,AGSM,141
S-3,ARMAMENT SWITCHOLOGY/FENCE CHK,142
S-3,BATTLE DAMAGE CHECK,134
S-3,CLIMBING SAFE-ESCAPE MANEUVER (CSEM),118
S-3,COMMUNICATIONS,147
S-3,CONVENTIONAL/TAC RANGE PROC/PATTERNS,14
S-3,CROSSUNDER,2
S-3,DECISION MAKING/RISK MANAGEMENT,146
S-3,DEPARTURE,141
S-3,ECHELON,2
S-3,EMERGENCY PROCEDURES,147
S-3,ERROR ANALYSIS,136
S-3,FIGHTING WING,84
S-3,FINGERTIP,133
S-3,FLIGHT COORDINATION,33
S-3,FORMATION APPROACH (WING),6
S-3,FORMATION TAKEOFF (WING),9
S-3,FOUR-SHIP FORMATION - BASIC,58
S-3,FOUR-SHIP FORMATION - TACTICAL,76
S-3,FUEL MANAGEMENT,145
S-3,G-AWARENESS,141
S-3,G-AWARENESS TURNS,123
S-3,GROUND OPERATIONS,147
S-3,HIGH ANGLE STRAFE (HAS),1
S-3,INSTRUMENT TRAIL DEPARTURE,4
S-3,LEVEL DELIVERY,134
S-3,LEVEL TURNING MANEUVER,134
S-3,LEVEL/POPUP RANGE,125
S-3,LEVEL/POPUP RANGE PROC/PATTERNS,11
S-3,LONG RANGE STRAFE,45
S-3,MISSED APPROACH,2
S-3,MISSION ANALYSIS,11
S-3,MISSION PLANNING/BRIEFING/DEBRIEFING,136
S-3,NON-PRECISION APPROACH (HUD ON/OFF),18
S-3,NORMAL LANDING,136
S-3,NORMAL PATTERN,93
S-3,PENETRATION,2
S-3,PRECISION APPROACH (HUD ON/OFF),29
S-3,REJOINS,137
S-3,RETURN TO BASE (RTB) PROCEDURES,145
S-3,ROUTE,135
S-3,SAFE ESCAPE MANEUVER,2
S-3,SINGLE ENGINE APPROACH/LANDING,2
S-3,SITUATIONAL AWARENESS,146
S-3,TAKEOFF (SINGLE-SHIP),139
S-3,TASK MANAGEMENT,147
S-3,TWO-SHIP FORMATION -- TACTICAL,123
S-3,VISUAL SEARCH,146
S-3,VISUAL SIGNALS,138
S-3,WEAPONS DELIVERY EVENTS/PARAMETERS,2
S-3,WINGMAN CONSID/FLT INTEGRITY,111
S-4,10 DEGREE LAHD POPUP,24
S-4,10-DEGREE LAHD POPUP,114
S-4,20 DEGREE LALD POPUP,22
S-4,20-DEGREE LALD POPUP,101
S-4,AGSM,147
S-4,ARMAMENT SWITCHOLOGY/FENCE CHK,149
S-4,BATTLE DAMAGE CHECK,139
S-4,CLIMBING SAFE-ESCAPE MANEUVER (CSEM),112
S-4,COMMUNICATIONS,151
S-4,CONVENTIONAL/TAC RANGE PROC/PATTERNS,14
S-4,CROSSUNDER,1
S-4,DECISION MAKING/RISK MANAGEMENT,151
S-4,DEPARTURE,148
S-4,EMERGENCY PROCEDURES,152
S-4,ERROR ANALYSIS,129
S-4,FIGHTING WING,97
S-4,FINGERTIP,139
S-4,FLIGHT COORDINATION,31
S-4,FORMATION APPROACH (WING),2
S-4,FORMATION TAKEOFF (WING),12
S-4,FOUR-SHIP FORMATION - BASIC,48
S-4,FOUR-SHIP FORMATION - TACTICAL,64
S-4,FUEL MANAGEMENT,151
S-4,G-AWARENESS,146
S-4,G-AWARENESS TURNS,125
S-4,GROUND OPERATIONS,152
S-4,HIGH ANGLE STRAFE (HAS),11
S-4,INSTRUMENT TRAIL DEPARTURE,7
S-4,LEVEL DELIVERY,140
S-4,LEVEL TURNING MANEUVER,130
S-4,LEVEL/POPUP RANGE,132
S-4,LEVEL/POPUP RANGE PROC/PATTERNS,9
S-4,LONG RANGE STRAFE,41
S-4,MISSED APPROACH,1
S-4,MISSION ANALYSIS,12
S-4,MISSION PLANNING/BRIEFING/DEBRIEFING,140
S-4,NON-PRECISION APPROACH (HUD ON/OFF),17
S-4,NORMAL LANDING,133
S-4,NORMAL PATTERN,114
S-4,PENETRATION,2
S-4,PRECISION APPROACH (HUD ON/OFF),13
S-4,REJOINS,137
S-4,RETURN TO BASE (RTB) PROCEDURES,151
S-4,ROUTE,137
S-4,SAFE ESCAPE MANEUVER,2
S-4,SINGLE ENGINE APPROACH/LANDING,2
S-4,SITUATIONAL AWARENESS,151
S-4,TAKEOFF (SINGLE-SHIP),142
S-4,TASK MANAGEMENT,151
S-4,TWO-SHIP FORMATION -- TACTICAL,134
S-4,VISUAL SEARCH,151
S-4,VISUAL SIGNALS,146
S-4,WEAPONS DELIVERY EVENTS/PARAMETERS,2
S-4,WINGMAN CONSID/FLT INTEGRITY,120
S-5C,10-DEGREE LAHD POPUP,1
S-5C,20-DEGREE LALD POPUP,1
S-5C,AGSM,1
S-5C,ARMAMENT SWITCHOLOGY/FENCE CHK,1
S-5C,BATTLE DAMAGE CHECK,1
S-5C,CLIMBING SAFE-ESCAPE MANEUVER (CSEM),1
S-5C,COMMUNICATIONS,1
S-5C,CONVENTIONAL 10-DEGREE LAHD,1
S-5C,CONVENTIONAL 20-DEGREE LALD,1
S-5C,CONVENTIONAL 30-DEGREE DB,1
S-5C,CONVENTIONAL/TAC RANGE PROC/PATTERNS,1
S-5C,DECISION MAKING/RISK MANAGEMENT,1
S-5C,DEPARTURE,1
S-5C,EMERGENCY PROCEDURES,1
S-5C,ERROR ANALYSIS,1
S-5C,FINGERTIP,1
S-5C,FUEL MANAGEMENT,1
S-5C,G-AWARENESS,1
S-5C,G-AWARENESS TURNS,1
S-5C,GROUND OPERATIONS,1
S-5C,HIGH ANGLE STRAFE (HAS),1
S-5C,LEVEL TURNING MANEUVER,1
S-5C,LEVEL/POPUP RANGE,1
S-5C,LONG RANGE STRAFE,1
S-5C,MISSION PLANNING/BRIEFING/DEBRIEFING,1
S-5C,NORMAL LANDING,1
S-5C,NORMAL PATTERN,1
S-5C,REJOINS,1
S-5C,RETURN TO BASE (RTB) PROCEDURES,1
S-5C,ROUTE,1
S-5C,SITUATIONAL AWARENESS,1
S-5C,TAKEOFF (SINGLE-SHIP),1
S-5C,TASK MANAGEMENT,1
S-5C,TWO-SHIP FORMATION -- TACTICAL,1
S-5C,VISUAL SEARCH,1
S-5C,VISUAL SIGNALS,1
S-5C,WINGMAN CONSID/FLT INTEGRITY,1
SAT-1,AGSM,95
SAT-1,ARMAMENT SWITCHOLOGY/FENCE CHK,95
SAT-1,BASIC RANGE PROCEDURES AND PATTERNS,70
SAT-1,BATTLE DAMAGE CHECK,71
SAT-1,COMMUNICATIONS,98
SAT-1,CROSSUNDER,1
SAT-1,DECISION MAKING/RISK MANAGEMENT,98
SAT-1,DEPARTURE,97
SAT-1,EMERGENCY PROCEDURES,98
SAT-1,ERROR ANALYSIS,1
SAT-1,FIGHTING WING,62
SAT-1,FINGERTIP,79
SAT-1,FLIGHT COORDINATION,22
SAT-1,FORMATION TAKEOFF (WING),3
SAT-1,FOUR-SHIP FORMATION - BASIC,2
SAT-1,FOUR-SHIP FORMATION - TACTICAL,1
SAT-1,FUEL MANAGEMENT,98
SAT-1,G-AWARENESS,96
SAT-1,G-AWARENESS TURNS,70
SAT-1,GROUND OPERATIONS,98
SAT-1,INSTRUMENT TRAIL DEPARTURE,4
SAT-1,MISSED APPROACH,12
SAT-1,MISSION ANALYSIS,9
SAT-1,MISSION PLANNING/BRIEFING/DEBRIEFING,89
SAT-1,NO FLAP APPROACH/LANDING,2
SAT-1,NON-PRECISION APPROACH (HUD ON/OFF),31
SAT-1,NORMAL LANDING,89
SAT-1,NORMAL PATTERN,51
SAT-1,PENETRATION,34
SAT-1,PRECISION APPROACH (HUD ON/OFF),34
SAT-1,REJOINS,78
SAT-1,RETURN TO BASE (RTB) PROCEDURES,98
SAT-1,ROUTE,76
SAT-1,SAFE ESCAPE MANEUVER,94
SAT-1,SITUATIONAL AWARENESS,98
SAT-1,TACS/JFIRE PROCEDURES,69
SAT-1,TAKEOFF (SINGLE-SHIP),98
SAT-1,TASK MANAGEMENT,98
SAT-1,THREAT REACTIONS,86
SAT-1,TWO-SHIP FORMATION -- TACTICAL,78
SAT-1,TWO-SHIP MUTUAL SUPPORT,81
SAT-1,VISUAL SEARCH,97
SAT-1,VISUAL SIGNALS,79
SAT-1,WEAPONS EMPLOYMENT,92
SAT-1,WINGMAN CONSID/FLT INTEGRITY,69
SAT-2,AGSM,13
SAT-2,ARMAMENT SWITCHOLOGY/FENCE CHK,13
SAT-2,BASIC RANGE PROCEDURES AND PATTERNS,9
SAT-2,BATTLE DAMAGE CHECK,13
SAT-2,COMMUNICATIONS,13
SAT-2,DECISION MAKING/RISK MANAGEMENT,13
SAT-2,DEPARTURE,13
SAT-2,EMERGENCY PROCEDURES,13
SAT-2,FIGHTING WING,10
SAT-2,FINGERTIP,13
SAT-2,FLIGHT COORDINATION,3
SAT-2,FORMATION TAKEOFF (WING),1
SAT-2,FOUR-SHIP FORMATION - BASIC,1
SAT-2,FUEL MANAGEMENT,13
SAT-2,G-AWARENESS,13
SAT-2,G-AWARENESS TURNS,8
SAT-2,GROUND OPERATIONS,13
SAT-2,INSTRUMENT TRAIL DEPARTURE,1
SAT-2,MISSION ANALYSIS,2
SAT-2,MISSION PLANNING/BRIEFING/DEBRIEFING,11
SAT-2,NON-PRECISION APPROACH (HUD ON/OFF),1
SAT-2,NORMAL LANDING,12
SAT-2,NORMAL PATTERN,11
SAT-2,PENETRATION,1
SAT-2,PRECISION APPROACH (HUD ON/OFF),1
SAT-2,REJOINS,12
SAT-2,RETURN TO BASE (RTB) PROCEDURES,13
SAT-2,ROUTE,13
SAT-2,SAFE ESCAPE MANEUVER,13
SAT-2,SITUATIONAL AWARENESS,13
SAT-2,TACS/JFIRE PROCEDURES,5
SAT-2,TAKEOFF (SINGLE-SHIP),13
SAT-2,TASK MANAGEMENT,13
SAT-2,THREAT REACTIONS,11
SAT-2,TWO-SHIP FORMATION -- TACTICAL,12
SAT-2,TWO-SHIP MUTUAL SUPPORT,13
SAT-2,VISUAL SEARCH,13
SAT-2,VISUAL SIGNALS,13
SAT-2,WEAPONS EMPLOYMENT,13
SAT-2,WINGMAN CONSID/FLT INTEGRITY,10
