SYL_EVNT_NAME_NM,SYL_EVNT_ITM_NAME_NM,ITEM_GRADE_QY
ACM-1,ACM SETUPS,1.9375
ACM-1,AGSM,2.25
ACM-1,ARMAMENT SWITCHOLOGY/FENCE CHK,2.25
ACM-1,BATTLE DAMAGE CHECK,2.25
ACM-1,COMMUNICATIONS,2.125
ACM-1,DECISION MAKING/RISK MANAGEMENT,2.0625
ACM-1,DEPARTURE,2.25
ACM-1,EMERGENCY PROCEDURES,3.0
ACM-1,ENGAGED / SUPPORT MANEUVERING,1.625
ACM-1,FIGHTING WING,2.375
ACM-1,FINGERTIP,2.25
ACM-1,FLIGHT COORDINATION,2.0
ACM-1,FORMATION APPROACH (WING),2.0
ACM-1,FORMATION TAKEOFF (WING),2.0
ACM-1,FOUR-SHIP FORMATION - BASIC,2.25
ACM-1,FOUR-SHIP FORMATION - TACTICAL,2.125
ACM-1,FUEL MANAGEMENT,2.3125
ACM-1,G-AWARENESS,2.25
ACM-1,G-AWARENESS TURNS,2.25
ACM-1,GROUND OPERATIONS,2.125
ACM-1,INSTRUMENT TRAIL DEPARTURE,2.0
ACM-1,MISSED APPROACH,2.0
ACM-1,MISSION ANALYSIS,3.0
ACM-1,MISSION PLANNING/BRIEFING/DEBRIEFING,2.466666666666667
ACM-1,MUTUAL SUPPORT COMMUNICATION (3-1),1.4375
ACM-1,NO FLAP APPROACH/LANDING,2.0
ACM-1,NON-PRECISION APPROACH (HUD ON/OFF),2.0
ACM-1,NORMAL LANDING,2.2666666666666666
ACM-1,NORMAL PATTERN,2.25
ACM-1,PENETRATION,2.0
ACM-1,PRECISION APPROACH (HUD ON/OFF),2.0
ACM-1,REJOINS,2.1875
ACM-1,RETURN TO BASE (RTB) PROCEDURES,2.25
ACM-1,ROLE ESTABLISHMENT/CONTRACT EXECUTION,1.5625
ACM-1,ROUTE,2.25
ACM-1,SINGLE ENGINE APPROACH/LANDING,2.0
ACM-1,SINGLE ENGINE GO-AROUND,2.0
ACM-1,SITUATIONAL AWARENESS,1.9375
ACM-1,TAKEOFF (SINGLE-SHIP),2.25
ACM-1,TASK MANAGEMENT,1.9375
ACM-1,TWO-SHIP FORMATION -- TACTICAL,2.230769230769231
ACM-1,VISUAL SEARCH,2.125
ACM-1,VISUAL SIGNALS,2.25
ACM-1,WEAPONS EMPLOYMENT,1.8125
ACM-1,WINGMAN CONSID/FLT INTEGRITY,2.0714285714285716
ACM-2,ACM SETUPS,2.2857142857142856
ACM-2,AGSM,2.375
ACM-2,ARMAMENT SWITCHOLOGY/FENCE CHK,2.375
ACM-2,BATTLE DAMAGE CHECK,2.25
ACM-2,COMMUNICATIONS,2.25
ACM-2,DECISION MAKING/RISK MANAGEMENT,2.125
ACM-2,DEPARTURE,2.0
ACM-2,EMERGENCY PROCEDURES,3.0
ACM-2,ENGAGED / SUPPORT MANEUVERING,1.7142857142857142
ACM-2,FIGHTING WING,2.3333333333333335
ACM-2,FINGERTIP,2.25
ACM-2,FLIGHT COORDINATION,2.0
ACM-2,FORMATION TAKEOFF (WING),2.0
ACM-2,FOUR-SHIP FORMATION - BASIC,2.2857142857142856
ACM-2,FOUR-SHIP FORMATION - TACTICAL,2.2857142857142856
ACM-2,FUEL MANAGEMENT,2.125
ACM-2,G-AWARENESS,2.25
ACM-2,G-AWARENESS TURNS,2.25
ACM-2,GROUND OPERATIONS,2.25
ACM-2,MISSION ANALYSIS,3.0
ACM-2,MISSION PLANNING/BRIEFING/DEBRIEFING,2.2857142857142856
ACM-2,MUTUAL SUPPORT COMMUNICATION (3-1),2.142857142857143
ACM-2,NORMAL LANDING,2.125
ACM-2,NORMAL PATTERN,2.142857142857143
ACM-2,PRECISION APPROACH (HUD ON/OFF),2.0
ACM-2,REJOINS,2.0
ACM-2,RETURN TO BASE (RTB) PROCEDURES,2.125
ACM-2,ROLE ESTABLISHMENT/CONTRACT EXECUTION,2.142857142857143
ACM-2,ROUTE,2.25
ACM-2,SITUATIONAL AWARENESS,2.125
ACM-2,TAKEOFF (SINGLE-SHIP),2.142857142857143
ACM-2,TASK MANAGEMENT,2.25
ACM-2,TWO-SHIP FORMATION -- TACTICAL,2.25
ACM-2,VISUAL SEARCH,2.25
ACM-2,VISUAL SIGNALS,2.125
ACM-2,WEAPONS EMPLOYMENT,2.125
ACM-2,WINGMAN CONSID/FLT INTEGRITY,2.1666666666666665
CAS-1,AGSM,2.0869565217391304
CAS-1,ARMAMENT SWITCHOLOGY/FENCE CHK,2.2253521126760565
CAS-1,BASIC RANGE PROCEDURES AND PATTERNS,2.1136363636363638
CAS-1,BATTLE DAMAGE CHECK,2.0757575757575757
CAS-1,COMMUNICATIONS,2.0833333333333335
CAS-1,CONVENTIONAL/TAC RANGE PROC/PATTERNS,2.0
CAS-1,CROSSUNDER,2.0
CAS-1,DECISION MAKING/RISK MANAGEMENT,2.0833333333333335
CAS-1,DEPARTURE,2.1549295774647885
CAS-1,ECHELON,2.0
CAS-1,EMERGENCY PROCEDURES,2.986111111111111
CAS-1,ERROR ANALYSIS,2.0
CAS-1,FIGHTING WING,2.098360655737705
CAS-1,FINGERTIP,2.1194029850746268
CAS-1,FLIGHT COORDINATION,2.0
CAS-1,FORMATION APPROACH (WING),3.0
CAS-1,FORMATION TAKEOFF (WING),2.0
CAS-1,FUEL MANAGEMENT,2.2777777777777777
CAS-1,G-AWARENESS,2.0694444444444446
CAS-1,G-AWARENESS TURNS,2.1020408163265305
CAS-1,GROUND OPERATIONS,2.1805555555555554
CAS-1,INSTRUMENT TRAIL DEPARTURE,2.0
CAS-1,LOST WINGMAN PROCEDURES,2.0
CAS-1,MISSION ANALYSIS,2.1818181818181817
CAS-1,MISSION PLANNING/BRIEFING/DEBRIEFING,2.3934426229508197
CAS-1,NO FLAP APPROACH/LANDING,2.0
CAS-1,NON-PRECISION APPROACH (HUD ON/OFF),2.5
CAS-1,NORMAL LANDING,2.2058823529411766
CAS-1,NORMAL PATTERN,2.1639344262295084
CAS-1,PRECISION APPROACH (HUD ON/OFF),2.2
CAS-1,REJOINS,2.112676056338028
CAS-1,RETURN TO BASE (RTB) PROCEDURES,2.125
CAS-1,ROUTE,2.1323529411764706
CAS-1,SAFE ESCAPE MANEUVER,2.0
CAS-1,SINGLE ENGINE APPROACH/LANDING,2.0
CAS-1,SITUATIONAL AWARENESS,2.0555555555555554
CAS-1,TACS/JFIRE PROCEDURES,1.8028169014084507
CAS-1,TAKEOFF (SINGLE-SHIP),2.1805555555555554
CAS-1,TASK MANAGEMENT,2.0555555555555554
CAS-1,THREAT REACTIONS,1.8059701492537314
CAS-1,TWO-SHIP FORMATION -- TACTICAL,2.101449275362319
CAS-1,TWO-SHIP MUTUAL SUPPORT,2.0714285714285716
CAS-1,VISUAL SEARCH,2.1944444444444446
CAS-1,VISUAL SIGNALS,2.1044776119402986
CAS-1,WEAPONS DELIVERY EVENTS/PARAMETERS,2.0
CAS-1,WEAPONS EMPLOYMENT,1.8933333333333333
CAS-1,WINGMAN CONSID/FLT INTEGRITY,2.1153846153846154
CAS-2,AGSM,2.0
CAS-2,ARMAMENT SWITCHOLOGY/FENCE CHK,2.0
CAS-2,BASIC RANGE PROCEDURES AND PATTERNS,2.0
CAS-2,BATTLE DAMAGE CHECK,2.25
CAS-2,COMMUNICATIONS,2.2
CAS-2,DECISION MAKING/RISK MANAGEMENT,2.2
CAS-2,DEPARTURE,2.0
CAS-2,EMERGENCY PROCEDURES,3.0
CAS-2,FIGHTING WING,2.0
CAS-2,FINGERTIP,2.0
CAS-2,FLIGHT COORDINATION,2.0
CAS-2,FUEL MANAGEMENT,2.2
CAS-2,G-AWARENESS,2.0
CAS-2,G-AWARENESS TURNS,2.0
CAS-2,GROUND OPERATIONS,2.0
CAS-2,MISSION ANALYSIS,2.0
CAS-2,MISSION PLANNING/BRIEFING/DEBRIEFING,2.5
CAS-2,NORMAL LANDING,2.2
CAS-2,NORMAL PATTERN,2.2
CAS-2,REJOINS,2.0
CAS-2,RETURN TO BASE (RTB) PROCEDURES,2.25
CAS-2,ROUTE,2.0
CAS-2,SAFE ESCAPE MANEUVER,2.0
CAS-2,SITUATIONAL AWARENESS,2.0
CAS-2,TACS/JFIRE PROCEDURES,2.25
CAS-2,TAKEOFF (SINGLE-SHIP),2.0
CAS-2,TASK MANAGEMENT,2.2
CAS-2,THREAT REACTIONS,1.75
CAS-2,TWO-SHIP FORMATION -- TACTICAL,2.0
CAS-2,TWO-SHIP MUTUAL SUPPORT,2.25
CAS-2,VISUAL SEARCH,2.2
CAS-2,VISUAL SIGNALS,2.0
CAS-2,WEAPONS EMPLOYMENT,2.25
CAS-2,WINGMAN CONSID/FLT INTEGRITY,2.25
DB-1,AGSM,1.9441340782122905
DB-1,ARMAMENT SWITCHOLOGY/FENCE CHK,2.061111111111111
DB-1,BATTLE DAMAGE CHECK,2.0338983050847457
DB-1,COMMUNICATIONS,1.6358695652173914
DB-1,CROSSUNDER,2.0
DB-1,DECISION MAKING/RISK MANAGEMENT,1.6195652173913044
DB-1,DEFENSIVE RANGING/PURSUIT CURVE EXERCISE,1.4144736842105263
DB-1,DEPARTURE,2.028409090909091
DB-1,ECHELON,2.0
DB-1,EMERGENCY PROCEDURES,2.9672131147540983
DB-1,FIGHT ANALYSIS,1.0591715976331362
DB-1,FIGHTING WING,2.024390243902439
DB-1,FINGERTIP,2.056179775280899
DB-1,FLIGHT COORDINATION,1.6153846153846154
DB-1,FORMATION APPROACH (WING),2.0277777777777777
DB-1,FORMATION TAKEOFF (WING),2.119047619047619
DB-1,FOUR-SHIP FORMATION - BASIC,2.085714285714286
DB-1,FOUR-SHIP FORMATION - TACTICAL,2.0
DB-1,FUEL MANAGEMENT,2.0934065934065935
DB-1,G-AWARENESS,2.0055555555555555
DB-1,G-AWARENESS TURNS,2.0279329608938546
DB-1,GROUND OPERATIONS,2.0491803278688523
DB-1,INSTRUMENT TRAIL DEPARTURE,2.111111111111111
DB-1,JINK EXERCISE,0.5
DB-1,MANEUVER MECHANICS,1.0658682634730539
DB-1,MANEUVER MECHANICS (OBFM),1.5
DB-1,MANEUVER SELECTION,1.1317365269461077
DB-1,MANEUVER SELECTION (OBFM),1.0
DB-1,MISSED APPROACH,2.0
DB-1,MISSION ANALYSIS,2.206896551724138
DB-1,MISSION PLANNING/BRIEFING/DEBRIEFING,2.1707317073170733
DB-1,NO FLAP APPROACH/LANDING,2.0
DB-1,NON-PRECISION APPROACH (HUD ON/OFF),2.0454545454545454
DB-1,NORMAL LANDING,2.0065359477124183
DB-1,NORMAL PATTERN,2.0
DB-1,PENETRATION,3.0
DB-1,PERCH SETUPS,1.276470588235294
DB-1,PRECISION APPROACH (HUD ON/OFF),2.0
DB-1,REJOINS,2.033333333333333
DB-1,RETURN TO BASE (RTB) PROCEDURES,2.021978021978022
DB-1,REVERSAL / SCISSORS EXERCISE,1.1925465838509317
DB-1,ROUTE,2.0508474576271185
DB-1,SIMULATED GUNSHOT,2.3333333333333335
DB-1,SIMULATED IR MISSILE SHOT,2.0
DB-1,SINGLE ENGINE APPROACH/LANDING,2.0
DB-1,SITUATIONAL AWARENESS,1.548913043478261
DB-1,TAKEOFF (SINGLE-SHIP),2.0821917808219177
DB-1,TASK MANAGEMENT,1.565217391304348
DB-1,TWO-SHIP FORMATION -- TACTICAL,1.9222222222222223
DB-1,VISUAL SEARCH,1.989010989010989
DB-1,VISUAL SIGNALS,2.022222222222222
DB-1,WEZ RECOGNITION,1.0180722891566265
DB-1,WINGMAN CONSID/FLT INTEGRITY,1.6344827586206896
DB-2,AGSM,2.0055555555555555
DB-2,ARMAMENT SWITCHOLOGY/FENCE CHK,2.0331491712707184
DB-2,BATTLE DAMAGE CHECK,2.0171428571428573
DB-2,COMMUNICATIONS,1.6864864864864866
DB-2,CROSSUNDER,2.0
DB-2,DECISION MAKING/RISK MANAGEMENT,1.7243243243243243
DB-2,DEFENSIVE RANGING/PURSUIT CURVE EXERCISE,1.3333333333333333
DB-2,DEPARTURE,2.0391061452513966
DB-2,ECHELON,2.0
DB-2,EMERGENCY PROCEDURES,2.9675675675675675
DB-2,FIGHT ANALYSIS,1.1647727272727273
DB-2,FIGHTING WING,2.018867924528302
DB-2,FINGERTIP,2.0555555555555554
DB-2,FLIGHT COORDINATION,1.8285714285714285
DB-2,FORMATION APPROACH (WING),1.8571428571428572
DB-2,FORMATION TAKEOFF (WING),2.230769230769231
DB-2,FOUR-SHIP FORMATION - BASIC,2.0
DB-2,FOUR-SHIP FORMATION - TACTICAL,1.9705882352941178
DB-2,FUEL MANAGEMENT,2.0380434782608696
DB-2,G-AWARENESS,2.0552486187845305
DB-2,G-AWARENESS TURNS,2.0722222222222224
DB-2,GROUND OPERATIONS,2.118918918918919
DB-2,HIGH/LOW-SPEED DIVE RECOVERY,1.0
DB-2,INSTRUMENT TRAIL DEPARTURE,2.033333333333333
DB-2,JINK EXERCISE,1.2416107382550337
DB-2,MANEUVER MECHANICS,1.1040462427745665
DB-2,MANEUVER MECHANICS (OBFM),1.25
DB-2,MANEUVER SELECTION,1.2034883720930232
DB-2,MANEUVER SELECTION (OBFM),1.25
DB-2,MISSED APPROACH,2.0
DB-2,MISSION ANALYSIS,2.3333333333333335
DB-2,MISSION PLANNING/BRIEFING/DEBRIEFING,2.2
DB-2,NO FLAP APPROACH/LANDING,2.0
DB-2,NON-PRECISION APPROACH (HUD ON/OFF),2.090909090909091
DB-2,NORMAL LANDING,2.0526315789473686
DB-2,NORMAL PATTERN,1.9565217391304348
DB-2,PERCH SETUPS,1.3409090909090908
DB-2,PRECISION APPROACH (HUD ON/OFF),1.9714285714285715
DB-2,QUARTER-PLANE EXERCISE,1.0
DB-2,REJOINS,2.033707865168539
DB-2,RETURN TO BASE (RTB) PROCEDURES,2.0217391304347827
DB-2,REVERSAL / SCISSORS EXERCISE,1.3333333333333333
DB-2,ROUTE,2.056179775280899
DB-2,SIMULATED GUNSHOT,2.0
DB-2,SIMULATED IR MISSILE SHOT,2.0
DB-2,SINGLE ENGINE APPROACH/LANDING,1.8181818181818181
DB-2,SINGLE ENGINE GO-AROUND,2.0
DB-2,SITUATIONAL AWARENESS,1.6
DB-2,TAKEOFF (SINGLE-SHIP),2.1206896551724137
DB-2,TASK MANAGEMENT,1.6702702702702703
DB-2,TWO-SHIP FORMATION -- TACTICAL,1.956043956043956
DB-2,VISUAL SEARCH,1.983695652173913
DB-2,VISUAL SIGNALS,2.033707865168539
DB-2,WEZ RECOGNITION,1.1242937853107344
DB-2,WINGMAN CONSID/FLT INTEGRITY,1.6866666666666668
DB-3,AGSM,2.0348837209302326
DB-3,ARMAMENT SWITCHOLOGY/FENCE CHK,2.167630057803468
DB-3,BATTLE DAMAGE CHECK,2.0903614457831323
DB-3,COMMUNICATIONS,1.8011363636363635
DB-3,CROSSUNDER,2.0
DB-3,DECISION MAKING/RISK MANAGEMENT,1.8977272727272727
DB-3,DEFENSIVE RANGING/PURSUIT CURVE EXERCISE,1.0
DB-3,DEPARTURE,2.1744186046511627
DB-3,ECHELON,2.0
DB-3,EMERGENCY PROCEDURES,2.9943181818181817
DB-3,FIGHT ANALYSIS,1.490909090909091
DB-3,FIGHTING WING,2.108974358974359
DB-3,FINGERTIP,2.1137724550898205
DB-3,FLIGHT COORDINATION,2.0
DB-3,FORMATION APPROACH (WING),1.8333333333333333
DB-3,FORMATION TAKEOFF (WING),2.3333333333333335
DB-3,FOUR-SHIP FORMATION - BASIC,2.0833333333333335
DB-3,FOUR-SHIP FORMATION - TACTICAL,2.078125
DB-3,FUEL MANAGEMENT,2.1091954022988504
DB-3,G-AWARENESS,2.0406976744186047
DB-3,G-AWARENESS TURNS,2.11046511627907
DB-3,GROUND OPERATIONS,2.159090909090909
DB-3,INSTRUMENT TRAIL DEPARTURE,2.0
DB-3,JINK EXERCISE,1.0
DB-3,MANEUVER MECHANICS,1.3048780487804879
DB-3,MANEUVER MECHANICS (OBFM),1.6666666666666667
DB-3,MANEUVER SELECTION,1.5962732919254659
DB-3,MANEUVER SELECTION (OBFM),2.0
DB-3,MISSED APPROACH,2.3333333333333335
DB-3,MISSION ANALYSIS,2.4
DB-3,MISSION PLANNING/BRIEFING/DEBRIEFING,2.3167701863354035
DB-3,NO FLAP APPROACH/LANDING,2.090909090909091
DB-3,NON-PRECISION APPROACH (HUD ON/OFF),2.138888888888889
DB-3,NORMAL LANDING,2.1324503311258276
DB-3,NORMAL PATTERN,2.1142857142857143
DB-3,PENETRATION,2.0
DB-3,PERCH SETUPS,1.5454545454545454
DB-3,PRECISION APPROACH (HUD ON/OFF),2.196969696969697
DB-3,REJOINS,2.088757396449704
DB-3,RETURN TO BASE (RTB) PROCEDURES,2.1206896551724137
DB-3,REVERSAL / SCISSORS EXERCISE,1.0
DB-3,ROUTE,2.1265060240963853
DB-3,SIMULATED GUNSHOT,2.0
DB-3,SIMULATED IR MISSILE SHOT,2.1666666666666665
DB-3,SINGLE ENGINE APPROACH/LANDING,1.9166666666666667
DB-3,SITUATIONAL AWARENESS,1.6363636363636365
DB-3,TAKEOFF (SINGLE-SHIP),2.1538461538461537
DB-3,TASK MANAGEMENT,1.7613636363636365
DB-3,TWO-SHIP FORMATION -- TACTICAL,2.0755813953488373
DB-3,VISUAL SEARCH,2.058139534883721
DB-3,VISUAL SIGNALS,2.087719298245614
DB-3,WEZ RECOGNITION,1.4337349397590362
DB-3,WINGMAN CONSID/FLT INTEGRITY,1.8581560283687943
DB-4,AGSM,2.0163934426229506
DB-4,ARMAMENT SWITCHOLOGY/FENCE CHK,2.161290322580645
DB-4,BATTLE DAMAGE CHECK,2.1444444444444444
DB-4,COMMUNICATIONS,2.1871657754010694
DB-4,CROSSUNDER,2.0
DB-4,DECISION MAKING/RISK MANAGEMENT,2.1336898395721926
DB-4,DEFENSIVE RANGING/PURSUIT CURVE EXERCISE,1.3333333333333333
DB-4,DEPARTURE,2.1666666666666665
DB-4,ECHELON,2.0
DB-4,EMERGENCY PROCEDURES,2.9732620320855614
DB-4,FIGHT ANALYSIS,2.0494505494505493
DB-4,FIGHTING WING,2.138364779874214
DB-4,FINGERTIP,2.152173913043478
DB-4,FLIGHT COORDINATION,2.135135135135135
DB-4,FORMATION APPROACH (WING),2.3333333333333335
DB-4,FORMATION TAKEOFF (WING),2.2857142857142856
DB-4,FOUR-SHIP FORMATION - BASIC,2.1142857142857143
DB-4,FOUR-SHIP FORMATION - TACTICAL,2.0833333333333335
DB-4,FUEL MANAGEMENT,2.251336898395722
DB-4,G-AWARENESS,1.951086956521739
DB-4,G-AWARENESS TURNS,2.1420765027322406
DB-4,GROUND OPERATIONS,2.2032085561497325
DB-4,INSTRUMENT TRAIL DEPARTURE,2.0
DB-4,JINK EXERCISE,1.0
DB-4,MANEUVER MECHANICS,1.9055555555555554
DB-4,MANEUVER MECHANICS (OBFM),2.0
DB-4,MANEUVER SELECTION,2.05
DB-4,MANEUVER SELECTION (OBFM),2.0
DB-4,MISSED APPROACH,2.0
DB-4,MISSION ANALYSIS,2.3684210526315788
DB-4,MISSION PLANNING/BRIEFING/DEBRIEFING,2.4404761904761907
DB-4,NO FLAP APPROACH/LANDING,2.0
DB-4,NON-PRECISION APPROACH (HUD ON/OFF),2.0588235294117645
DB-4,NORMAL LANDING,2.115606936416185
DB-4,NORMAL PATTERN,2.1044776119402986
DB-4,PENETRATION,2.0
DB-4,PERCH SETUPS,2.0714285714285716
DB-4,PRECISION APPROACH (HUD ON/OFF),2.259259259259259
DB-4,REJOINS,2.0552486187845305
DB-4,RETURN TO BASE (RTB) PROCEDURES,2.157608695652174
DB-4,REVERSAL / SCISSORS EXERCISE,1.0
DB-4,ROUTE,2.149171270718232
DB-4,SIMULATED GUNSHOT,1.9333333333333333
DB-4,SIMULATED IR MISSILE SHOT,2.066666666666667
DB-4,SINGLE ENGINE APPROACH/LANDING,2.0
DB-4,SITUATIONAL AWARENESS,2.0106951871657754
DB-4,TAKEOFF (SINGLE-SHIP),2.2057142857142855
DB-4,TASK MANAGEMENT,2.106951871657754
DB-4,TWO-SHIP FORMATION -- TACTICAL,2.0760869565217392
DB-4,VISUAL SEARCH,2.0806451612903225
DB-4,VISUAL SIGNALS,2.10752688172043
DB-4,WEZ RECOGNITION,2.043956043956044
DB-4,WINGMAN CONSID/FLT INTEGRITY,2.16
F-1,AGSM,1.837837837837838
F-1,ARMAMENT SWITCHOLOGY/FENCE CHK,1.662162162162162
F-1,BATTLE DAMAGE CHECK,1.626865671641791
F-1,COMMUNICATIONS,1.5135135135135136
F-1,CROSSUNDER,1.8904109589041096
F-1,DECISION MAKING/RISK MANAGEMENT,1.7162162162162162
F-1,DEPARTURE,1.6944444444444444
F-1,ECHELON,1.9692307692307693
F-1,EMERGENCY PROCEDURES,2.973333333333333
F-1,FIGHTING WING,1.7857142857142858
F-1,FINGERTIP,1.9324324324324325
F-1,FLIGHT COORDINATION,1.7714285714285714
F-1,FORMATION TAKEOFF (WING),2.3333333333333335
F-1,FOUR-SHIP FORMATION - BASIC,1.0
F-1,FUEL MANAGEMENT,1.6849315068493151
F-1,G-AWARENESS,1.8108108108108107
F-1,G-AWARENESS TURNS,1.6164383561643836
F-1,GROUND OPERATIONS,1.527027027027027
F-1,GUNS TRACKING EXERCISE,1.5384615384615385
F-1,HEAT-TO-GUNS EXERCISE,1.4166666666666667
F-1,INSTRUMENT TRAIL DEPARTURE,2.0
F-1,MISSED APPROACH,4.0
F-1,MISSION ANALYSIS,1.894736842105263
F-1,MISSION PLANNING/BRIEFING/DEBRIEFING,1.875
F-1,NO FLAP APPROACH/LANDING,1.65625
F-1,NON-PRECISION APPROACH (HUD ON/OFF),1.3333333333333333
F-1,NORMAL LANDING,1.8243243243243243
F-1,NORMAL PATTERN,1.7671232876712328
F-1,PRECISION APPROACH (HUD ON/OFF),2.1666666666666665
F-1,REJOINS,1.8055555555555556
F-1,RETURN TO BASE (RTB) PROCEDURES,1.6666666666666667
F-1,ROUTE,1.945945945945946
F-1,SIMULATED GUNSHOT,1.356164383561644
F-1,SIMULATED IR MISSILE SHOT,1.3478260869565217
F-1,SINGLE ENGINE APPROACH/LANDING,1.85
F-1,SINGLE ENGINE GO-AROUND,2.0
F-1,SITUATIONAL AWARENESS,1.5405405405405406
F-1,TAKEOFF (SINGLE-SHIP),1.8333333333333333
F-1,TASK MANAGEMENT,1.6081081081081081
F-1,TWO-SHIP FORMATION -- TACTICAL,1.4054054054054055
F-1,VISUAL SEARCH,1.7567567567567568
F-1,VISUAL SIGNALS,1.8630136986301369
F-1,WINGMAN CONSID/FLT INTEGRITY,1.5789473684210527
F-2,AGSM,1.8682634730538923
F-2,ARMAMENT SWITCHOLOGY/FENCE CHK,1.718562874251497
F-2,BATTLE DAMAGE CHECK,1.5723270440251573
F-2,COMMUNICATIONS,1.5146198830409356
F-2,CROSSUNDER,1.9316770186335404
F-2,DECISION MAKING/RISK MANAGEMENT,1.695906432748538
F-2,DEPARTURE,1.878787878787879
F-2,ECHELON,1.9618320610687023
F-2,EMERGENCY PROCEDURES,2.9766081871345027
F-2,FIGHTING WING,1.8767123287671232
F-2,FINGERTIP,1.9580838323353293
F-2,FLIGHT COORDINATION,1.7179487179487178
F-2,FORMATION APPROACH (WING),0.0
F-2,FORMATION TAKEOFF (WING),2.25
F-2,FOUR-SHIP FORMATION - BASIC,1.8
F-2,FOUR-SHIP FORMATION - TACTICAL,1.6
F-2,FUEL MANAGEMENT,1.6568047337278107
F-2,G-AWARENESS,1.8802395209580838
F-2,G-AWARENESS TURNS,1.6951219512195121
F-2,GROUND OPERATIONS,1.654970760233918
F-2,GUNS TRACKING EXERCISE,1.3333333333333333
F-2,HEAT-TO-GUNS EXERCISE,1.4161490683229814
F-2,INSTRUMENT TRAIL DEPARTURE,1.6666666666666667
F-2,MISSED APPROACH,1.2857142857142858
F-2,MISSION ANALYSIS,2.210526315789474
F-2,MISSION PLANNING/BRIEFING/DEBRIEFING,2.0
F-2,NO FLAP APPROACH/LANDING,1.8363636363636364
F-2,NON-PRECISION APPROACH (HUD ON/OFF),1.6346153846153846
F-2,NORMAL LANDING,1.8466257668711656
F-2,NORMAL PATTERN,1.8201438848920863
F-2,PENETRATION,2.0
F-2,PRECISION APPROACH (HUD ON/OFF),1.8103448275862069
F-2,REJOINS,1.8303030303030303
F-2,RETURN TO BASE (RTB) PROCEDURES,1.8095238095238095
F-2,ROUTE,1.9156626506024097
F-2,SIMULATED GUNSHOT,1.3544303797468353
F-2,SIMULATED IR MISSILE SHOT,1.4875
F-2,SINGLE ENGINE APPROACH/LANDING,1.8275862068965518
F-2,SINGLE ENGINE GO-AROUND,2.2
F-2,SITUATIONAL AWARENESS,1.5380116959064327
F-2,TAKEOFF (SINGLE-SHIP),2.0792682926829267
F-2,TASK MANAGEMENT,1.6023391812865497
F-2,TWO-SHIP FORMATION -- TACTICAL,1.593939393939394
F-2,VISUAL SEARCH,1.776470588235294
F-2,VISUAL SIGNALS,1.891566265060241
F-2,WINGMAN CONSID/FLT INTEGRITY,1.676923076923077
F-3,AGSM,1.8802395209580838
F-3,ARMAMENT SWITCHOLOGY/FENCE CHK,1.7544910179640718
F-3,BATTLE DAMAGE CHECK,1.7592592592592593
F-3,COMMUNICATIONS,1.6785714285714286
F-3,CROSSUNDER,2.0445859872611467
F-3,DECISION MAKING/RISK MANAGEMENT,1.8035714285714286
F-3,DEPARTURE,2.0545454545454547
F-3,ECHELON,2.047945205479452
F-3,EMERGENCY PROCEDURES,2.9642857142857144
F-3,FIGHTING WING,2.006060606060606
F-3,FINGERTIP,2.0416666666666665
F-3,FLIGHT COORDINATION,2.024390243902439
F-3,FORMATION APPROACH (WING),1.8461538461538463
F-3,FORMATION TAKEOFF (WING),1.8222222222222222
F-3,FOUR-SHIP FORMATION - BASIC,1.924731182795699
F-3,FOUR-SHIP FORMATION - TACTICAL,1.8058252427184467
F-3,FUEL MANAGEMENT,1.7544910179640718
F-3,G-AWARENESS,1.9221556886227544
F-3,G-AWARENESS TURNS,1.7904191616766467
F-3,GROUND OPERATIONS,2.0
F-3,GUNS TRACKING EXERCISE,1.2
F-3,HEAT-TO-GUNS EXERCISE,1.7628205128205128
F-3,INSTRUMENT TRAIL DEPARTURE,1.8333333333333333
F-3,MISSED APPROACH,1.0
F-3,MISSION ANALYSIS,2.1379310344827585
F-3,MISSION PLANNING/BRIEFING/DEBRIEFING,2.2533333333333334
F-3,NO FLAP APPROACH/LANDING,1.6119402985074627
F-3,NON-PRECISION APPROACH (HUD ON/OFF),1.5
F-3,NORMAL LANDING,2.070063694267516
F-3,NORMAL PATTERN,2.0134228187919465
F-3,PENETRATION,0.5
F-3,PRECISION APPROACH (HUD ON/OFF),1.7777777777777777
F-3,REJOINS,2.025
F-3,RETURN TO BASE (RTB) PROCEDURES,2.0357142857142856
F-3,ROUTE,2.0357142857142856
F-3,SIMULATED GUNSHOT,1.5723684210526316
F-3,SIMULATED IR MISSILE SHOT,1.577922077922078
F-3,SINGLE ENGINE APPROACH/LANDING,1.8
F-3,SINGLE ENGINE GO-AROUND,2.5
F-3,SITUATIONAL AWARENESS,1.7261904761904763
F-3,TAKEOFF (SINGLE-SHIP),2.046875
F-3,TASK MANAGEMENT,1.7380952380952381
F-3,TWO-SHIP FORMATION -- TACTICAL,1.6666666666666667
F-3,VISUAL SEARCH,1.8571428571428572
F-3,VISUAL SIGNALS,2.0238095238095237
F-3,WINGMAN CONSID/FLT INTEGRITY,1.7007874015748032
F-4,AGSM,2.040983606557377
F-4,ARMAMENT SWITCHOLOGY/FENCE CHK,2.0491803278688523
F-4,BATTLE DAMAGE CHECK,2.0
F-4,COMMUNICATIONS,2.0080645161290325
F-4,CROSSUNDER,2.0695652173913044
F-4,DECISION MAKING/RISK MANAGEMENT,2.024193548387097
F-4,DEPARTURE,2.0166666666666666
F-4,ECHELON,2.0392156862745097
F-4,EMERGENCY PROCEDURES,2.9919354838709675
F-4,FIGHTING WING,2.0526315789473686
F-4,FINGERTIP,2.0655737704918034
F-4,FORMATION APPROACH (WING),1.3962264150943395
F-4,FORMATION TAKEOFF (WING),1.7058823529411764
F-4,FOUR-SHIP FORMATION - BASIC,1.9830508474576272
F-4,FOUR-SHIP FORMATION - TACTICAL,2.0405405405405403
F-4,FUEL MANAGEMENT,2.073170731707317
F-4,G-AWARENESS,2.0491803278688523
F-4,G-AWARENESS TURNS,2.057377049180328
F-4,GROUND OPERATIONS,1.9919354838709677
F-4,GUNS TRACKING EXERCISE,1.0
F-4,HEAT-TO-GUNS EXERCISE,2.033613445378151
F-4,INSTRUMENT TRAIL DEPARTURE,2.0
F-4,MISSED APPROACH,2.0
F-4,MISSION PLANNING/BRIEFING/DEBRIEFING,2.1555555555555554
F-4,NO FLAP APPROACH/LANDING,1.736842105263158
F-4,NON-PRECISION APPROACH (HUD ON/OFF),2.0
F-4,NORMAL LANDING,2.02803738317757
F-4,NORMAL PATTERN,2.033333333333333
F-4,PRECISION APPROACH (HUD ON/OFF),2.1
F-4,REJOINS,2.0416666666666665
F-4,RETURN TO BASE (RTB) PROCEDURES,2.0
F-4,ROUTE,2.040983606557377
F-4,SIMULATED GUNSHOT,1.453781512605042
F-4,SIMULATED IR MISSILE SHOT,1.5546218487394958
F-4,SINGLE ENGINE APPROACH/LANDING,1.7647058823529411
F-4,SINGLE ENGINE GO-AROUND,2.0
F-4,SITUATIONAL AWARENESS,2.032258064516129
F-4,TAKEOFF (SINGLE-SHIP),2.1666666666666665
F-4,TASK MANAGEMENT,2.0
F-4,TWO-SHIP FORMATION -- TACTICAL,2.0166666666666666
F-4,VISUAL SEARCH,2.024390243902439
F-4,VISUAL SIGNALS,2.0661157024793386
F-4,WINGMAN CONSID/FLT INTEGRITY,2.032520325203252
H-1,AGSM,1.9565217391304348
H-1,ARMAMENT SWITCHOLOGY/FENCE CHK,1.8819875776397517
H-1,BATTLE DAMAGE CHECK,1.8928571428571428
H-1,BREAK TURN/ACCELERATED STALL,1.6474358974358974
H-1,COMMUNICATIONS,1.7439024390243902
H-1,DECISION MAKING/RISK MANAGEMENT,1.7865853658536586
H-1,DEPARTURE,1.9751552795031055
H-1,EM MANEUVERS,1.6178861788617886
H-1,EMERGENCY PROCEDURES,2.981707317073171
H-1,ENERGY MANEUVERABILITY,1.6176470588235294
H-1,FIGHTING WING,2.0
H-1,FINGERTIP,2.0
H-1,FLIGHT COORDINATION,1.8064516129032258
H-1,FORMATION APPROACH (WING),1.0
H-1,FORMATION TAKEOFF (WING),1.0
H-1,FUEL MANAGEMENT,1.9074074074074074
H-1,G-AWARENESS,1.9440993788819876
H-1,G-AWARENESS TURNS,1.8633540372670807
H-1,GROUND OPERATIONS,1.8773006134969326
H-1,HIGH/LOW-SPEED DIVE RECOVERY,1.7857142857142858
H-1,INSTRUMENT TRAIL DEPARTURE,2.0
H-1,MISSED APPROACH,2.088709677419355
H-1,MISSION ANALYSIS,1.9166666666666667
H-1,MISSION PLANNING/BRIEFING/DEBRIEFING,2.0804597701149423
H-1,NO FLAP APPROACH/LANDING,1.9097744360902256
H-1,NON-PRECISION APPROACH (HUD ON/OFF),2.0805369127516777
H-1,NORMAL LANDING,1.9679487179487178
H-1,NORMAL PATTERN,1.9189189189189189
H-1,PENETRATION,2.0606060606060606
H-1,PRECISION APPROACH (HUD ON/OFF),2.127450980392157
H-1,REJOINS,2.0
H-1,RETURN TO BASE (RTB) PROCEDURES,1.8819875776397517
H-1,ROUTE,2.0
H-1,SINGLE ENGINE APPROACH/LANDING,2.0068965517241377
H-1,SINGLE ENGINE GO-AROUND,2.125
H-1,SINGLE-SHIP JINK EXERCISE,1.44
H-1,SITUATIONAL AWARENESS,1.6829268292682926
H-1,TAKEOFF (SINGLE-SHIP),2.1595092024539877
H-1,TASK MANAGEMENT,1.7546012269938651
H-1,TWO-SHIP FORMATION -- TACTICAL,1.5
H-1,VISUAL SEARCH,1.8355263157894737
H-1,VISUAL SIGNALS,2.0
H-1,WINGMAN CONSID/FLT INTEGRITY,1.8113207547169812
HB-1,AGSM,2.089041095890411
HB-1,ARMAMENT SWITCHOLOGY/FENCE CHK,2.047945205479452
HB-1,BATTLE DAMAGE CHECK,2.092857142857143
HB-1,BUTTERFLY SETUPS,1.457142857142857
HB-1,COMMUNICATIONS,1.9530201342281879
HB-1,CROSSUNDER,2.0
HB-1,DECISION MAKING/RISK MANAGEMENT,1.8859060402684564
HB-1,DEPARTURE,2.122448979591837
HB-1,ECHELON,2.0
HB-1,EMERGENCY PROCEDURES,2.9536423841059603
HB-1,FIGHT ANALYSIS,1.2444444444444445
HB-1,FIGHTING WING,2.082089552238806
HB-1,FINGERTIP,2.097902097902098
HB-1,FLIGHT COORDINATION,1.7941176470588236
HB-1,FORMATION APPROACH (WING),2.0
HB-1,FORMATION TAKEOFF (WING),2.0588235294117645
HB-1,FOUR-SHIP FORMATION - BASIC,2.0555555555555554
HB-1,FOUR-SHIP FORMATION - TACTICAL,2.0
HB-1,FUEL MANAGEMENT,2.074324324324324
HB-1,G-AWARENESS,1.917808219178082
HB-1,G-AWARENESS TURNS,2.0753424657534247
HB-1,GROUND OPERATIONS,2.2266666666666666
HB-1,HIGH ANGLE GUN/SEPARATION EXERCISE,0.0
HB-1,INSTRUMENT TRAIL DEPARTURE,2.0
HB-1,LEAD TURN EXERCISE,1.2790697674418605
HB-1,MANEUVER MECHANICS,1.0661764705882353
HB-1,MANEUVER SELECTION,1.2148148148148148
HB-1,MISSED APPROACH,2.0
HB-1,MISSION ANALYSIS,2.2
HB-1,MISSION PLANNING/BRIEFING/DEBRIEFING,2.366412213740458
HB-1,NO FLAP APPROACH/LANDING,2.0
HB-1,NON-PRECISION APPROACH (HUD ON/OFF),2.074074074074074
HB-1,NORMAL LANDING,2.1
HB-1,NORMAL PATTERN,2.0606060606060606
HB-1,PENETRATION,1.5
HB-1,PRECISION APPROACH (HUD ON/OFF),2.0851063829787235
HB-1,REJOINS,2.0972222222222223
HB-1,RETURN TO BASE (RTB) PROCEDURES,2.1621621621621623
HB-1,ROUTE,2.099290780141844
HB-1,SIMULATED GUNSHOT,2.0597014925373136
HB-1,SIMULATED IR MISSILE SHOT,1.9793814432989691
HB-1,SINGLE ENGINE APPROACH/LANDING,2.25
HB-1,SINGLE ENGINE GO-AROUND,2.0
HB-1,SITUATIONAL AWARENESS,1.6666666666666667
HB-1,TAKEOFF (SINGLE-SHIP),2.26890756302521
HB-1,TASK MANAGEMENT,1.88
HB-1,TWO-SHIP FORMATION -- TACTICAL,2.0268456375838926
HB-1,VISUAL SEARCH,2.0408163265306123
HB-1,VISUAL SIGNALS,2.063380281690141
HB-1,WEZ RECOGNITION,1.2439024390243902
HB-1,WINGMAN CONSID/FLT INTEGRITY,1.9304347826086956
HB-2,AGSM,2.0641025641025643
HB-2,ARMAMENT SWITCHOLOGY/FENCE CHK,2.08974358974359
HB-2,BATTLE DAMAGE CHECK,2.039473684210526
HB-2,BUTTERFLY SETUPS,1.8181818181818181
HB-2,COMMUNICATIONS,2.0384615384615383
HB-2,CROSSUNDER,2.0
HB-2,DECISION MAKING/RISK MANAGEMENT,2.0256410256410255
HB-2,DEPARTURE,2.135135135135135
HB-2,ECHELON,2.0
HB-2,EMERGENCY PROCEDURES,2.948717948717949
HB-2,FIGHT ANALYSIS,1.4545454545454546
HB-2,FIGHTING WING,2.0
HB-2,FINGERTIP,2.0675675675675675
HB-2,FLIGHT COORDINATION,2.0
HB-2,FORMATION APPROACH (WING),2.0
HB-2,FORMATION TAKEOFF (WING),2.2222222222222223
HB-2,FOUR-SHIP FORMATION - BASIC,2.125
HB-2,FOUR-SHIP FORMATION - TACTICAL,2.0
HB-2,FUEL MANAGEMENT,2.0128205128205128
HB-2,G-AWARENESS,1.9743589743589745
HB-2,G-AWARENESS TURNS,2.08974358974359
HB-2,GROUND OPERATIONS,2.0641025641025643
HB-2,HIGH ANGLE GUN/SEPARATION EXERCISE,1.4615384615384615
HB-2,INSTRUMENT TRAIL DEPARTURE,2.0
HB-2,LEAD TURN EXERCISE,1.0
HB-2,MANEUVER MECHANICS,1.3246753246753247
HB-2,MANEUVER SELECTION,1.4935064935064934
HB-2,MISSION ANALYSIS,2.1538461538461537
HB-2,MISSION PLANNING/BRIEFING/DEBRIEFING,2.3076923076923075
HB-2,NO FLAP APPROACH/LANDING,2.0
HB-2,NON-PRECISION APPROACH (HUD ON/OFF),2.0
HB-2,NORMAL LANDING,2.140625
HB-2,NORMAL PATTERN,2.0
HB-2,PENETRATION,2.6666666666666665
HB-2,PRECISION APPROACH (HUD ON/OFF),2.2857142857142856
HB-2,REJOINS,2.0
HB-2,RETURN TO BASE (RTB) PROCEDURES,2.076923076923077
HB-2,ROUTE,2.041095890410959
HB-2,SIMULATED GUNSHOT,2.088888888888889
HB-2,SIMULATED IR MISSILE SHOT,2.1
HB-2,SINGLE ENGINE APPROACH/LANDING,2.0
HB-2,SINGLE ENGINE GO-AROUND,2.0
HB-2,SITUATIONAL AWARENESS,1.8974358974358974
HB-2,TAKEOFF (SINGLE-SHIP),2.2142857142857144
HB-2,TASK MANAGEMENT,2.051282051282051
HB-2,TWO-SHIP FORMATION -- TACTICAL,2.051948051948052
HB-2,VISUAL SEARCH,2.076923076923077
HB-2,VISUAL SIGNALS,2.051282051282051
HB-2,WEZ RECOGNITION,1.5507246376811594
HB-2,WINGMAN CONSID/FLT INTEGRITY,2.0833333333333335
HB-3,AGSM,2.2142857142857144
HB-3,ARMAMENT SWITCHOLOGY/FENCE CHK,2.357142857142857
HB-3,BATTLE DAMAGE CHECK,2.2142857142857144
HB-3,BUTTERFLY SETUPS,2.357142857142857
HB-3,COMMUNICATIONS,2.2142857142857144
HB-3,DECISION MAKING/RISK MANAGEMENT,2.2857142857142856
HB-3,DEPARTURE,2.2857142857142856
HB-3,EMERGENCY PROCEDURES,3.0
HB-3,FIGHT ANALYSIS,2.2142857142857144
HB-3,FIGHTING WING,2.5
HB-3,FINGERTIP,2.2142857142857144
HB-3,FLIGHT COORDINATION,2.5
HB-3,FORMATION TAKEOFF (WING),2.0
HB-3,FOUR-SHIP FORMATION - BASIC,2.3333333333333335
HB-3,FOUR-SHIP FORMATION - TACTICAL,2.3333333333333335
HB-3,FUEL MANAGEMENT,2.142857142857143
HB-3,G-AWARENESS,2.2857142857142856
HB-3,G-AWARENESS TURNS,2.142857142857143
HB-3,GROUND OPERATIONS,2.2857142857142856
HB-3,INSTRUMENT TRAIL DEPARTURE,2.0
HB-3,MANEUVER MECHANICS,2.2142857142857144
HB-3,MANEUVER SELECTION,2.2142857142857144
HB-3,MISSION ANALYSIS,2.5
HB-3,MISSION PLANNING/BRIEFING/DEBRIEFING,2.3333333333333335
HB-3,NON-PRECISION APPROACH (HUD ON/OFF),2.0
HB-3,NORMAL LANDING,2.1538461538461537
HB-3,NORMAL PATTERN,2.2222222222222223
HB-3,PENETRATION,2.5
HB-3,PRECISION APPROACH (HUD ON/OFF),2.0
HB-3,REJOINS,2.3846153846153846
HB-3,RETURN TO BASE (RTB) PROCEDURES,2.142857142857143
HB-3,ROUTE,2.2857142857142856
HB-3,SIMULATED GUNSHOT,2.25
HB-3,SIMULATED IR MISSILE SHOT,2.125
HB-3,SITUATIONAL AWARENESS,2.2857142857142856
HB-3,TAKEOFF (SINGLE-SHIP),2.2
HB-3,TASK MANAGEMENT,2.2857142857142856
HB-3,TWO-SHIP FORMATION -- TACTICAL,2.2142857142857144
HB-3,VISUAL SEARCH,2.142857142857143
HB-3,VISUAL SIGNALS,2.2857142857142856
HB-3,WEZ RECOGNITION,2.2142857142857144
HB-3,WINGMAN CONSID/FLT INTEGRITY,2.1666666666666665
OB-1,AGSM,1.9268292682926829
OB-1,ARMAMENT SWITCHOLOGY/FENCE CHK,1.7621951219512195
OB-1,BATTLE DAMAGE CHECK,1.7267080745341614
OB-1,COMMUNICATIONS,1.5914634146341464
OB-1,CROSSUNDER,1.9777777777777779
OB-1,DECISION MAKING/RISK MANAGEMENT,1.7378048780487805
OB-1,DEPARTURE,2.0548780487804876
OB-1,ECHELON,2.0
OB-1,EMERGENCY PROCEDURES,2.9695121951219514
OB-1,FIGHT ANALYSIS,1.2654320987654322
OB-1,FIGHTING WING,1.744360902255639
OB-1,FINGERTIP,1.9012345679012346
OB-1,FLIGHT COORDINATION,1.8484848484848484
OB-1,FORMATION APPROACH (WING),1.875
OB-1,FORMATION TAKEOFF (WING),2.0714285714285716
OB-1,FUEL MANAGEMENT,1.774390243902439
OB-1,G-AWARENESS,1.9085365853658536
OB-1,G-AWARENESS TURNS,1.774390243902439
OB-1,GROUND OPERATIONS,2.0853658536585367
OB-1,INSTRUMENT TRAIL DEPARTURE,2.0
OB-1,LOST WINGMAN PROCEDURES,1.0
OB-1,MANEUVER MECHANICS,1.2153846153846153
OB-1,MANEUVER MECHANICS (OBFM),1.2727272727272727
OB-1,MANEUVER SELECTION,1.2868217054263567
OB-1,MANEUVER SELECTION (OBFM),1.2727272727272727
OB-1,MISSION ANALYSIS,1.9666666666666666
OB-1,MISSION PLANNING/BRIEFING/DEBRIEFING,2.044776119402985
OB-1,NO FLAP APPROACH/LANDING,2.0588235294117645
OB-1,NON-PRECISION APPROACH (HUD ON/OFF),1.8
OB-1,NORMAL LANDING,2.037974683544304
OB-1,NORMAL PATTERN,2.036231884057971
OB-1,PERCH SETUPS,1.5925925925925926
OB-1,PRECISION APPROACH (HUD ON/OFF),2.0869565217391304
OB-1,QUARTER-PLANE EXERCISE,1.392156862745098
OB-1,REJOINS,1.7314285714285715
OB-1,RETURN TO BASE (RTB) PROCEDURES,1.8466257668711656
OB-1,ROUTE,1.8633540372670807
OB-1,SIMULATED GUNSHOT,1.382716049382716
OB-1,SIMULATED IR MISSILE SHOT,1.2945205479452055
OB-1,SINGLE ENGINE APPROACH/LANDING,2.0
OB-1,SITUATIONAL AWARENESS,1.6280487804878048
OB-1,TAKEOFF (SINGLE-SHIP),2.0709219858156027
OB-1,TASK MANAGEMENT,1.6280487804878048
OB-1,TWO-SHIP FORMATION -- TACTICAL,1.4723926380368098
OB-1,VISUAL SEARCH,1.7439024390243902
OB-1,VISUAL SIGNALS,1.813664596273292
OB-1,WEZ RECOGNITION,1.376543209876543
OB-1,WINGMAN CONSID/FLT INTEGRITY,1.7328244274809161
OB-2,AGSM,2.0280898876404496
OB-2,ARMAMENT SWITCHOLOGY/FENCE CHK,2.050561797752809
OB-2,BATTLE DAMAGE CHECK,2.0171428571428573
OB-2,COMMUNICATIONS,1.7747252747252746
OB-2,CROSSUNDER,2.018181818181818
OB-2,DECISION MAKING/RISK MANAGEMENT,1.7734806629834254
OB-2,DEPARTURE,2.1055555555555556
OB-2,ECHELON,2.0
OB-2,EMERGENCY PROCEDURES,2.9835164835164836
OB-2,FIGHT ANALYSIS,1.4022988505747127
OB-2,FIGHTING WING,2.053892215568862
OB-2,FINGERTIP,2.0944444444444446
OB-2,FLIGHT COORDINATION,1.9230769230769231
OB-2,FORMATION APPROACH (WING),1.8387096774193548
OB-2,FORMATION TAKEOFF (WING),1.9215686274509804
OB-2,FUEL MANAGEMENT,2.0662983425414363
OB-2,G-AWARENESS,2.0112359550561796
OB-2,G-AWARENESS TURNS,2.044943820224719
OB-2,GROUND OPERATIONS,2.10989010989011
OB-2,INSTRUMENT TRAIL DEPARTURE,2.25
OB-2,LOST WINGMAN PROCEDURES,2.0
OB-2,MANEUVER MECHANICS,1.2408759124087592
OB-2,MANEUVER MECHANICS (OBFM),1.2972972972972974
OB-2,MANEUVER SELECTION,1.5182481751824817
OB-2,MANEUVER SELECTION (OBFM),1.3513513513513513
OB-2,MISSED APPROACH,2.0
OB-2,MISSION ANALYSIS,2.176470588235294
OB-2,MISSION PLANNING/BRIEFING/DEBRIEFING,2.2244897959183674
OB-2,NO FLAP APPROACH/LANDING,2.0
OB-2,NON-PRECISION APPROACH (HUD ON/OFF),1.75
OB-2,NORMAL LANDING,2.0942028985507246
OB-2,NORMAL PATTERN,2.0172413793103448
OB-2,PERCH SETUPS,1.7816091954022988
OB-2,PRECISION APPROACH (HUD ON/OFF),2.0
OB-2,QUARTER-PLANE EXERCISE,1.6666666666666667
OB-2,REJOINS,2.051546391752577
OB-2,RETURN TO BASE (RTB) PROCEDURES,2.0552486187845305
OB-2,ROUTE,2.0944444444444446
OB-2,SIMULATED GUNSHOT,1.5144508670520231
OB-2,SIMULATED IR MISSILE SHOT,1.5304878048780488
OB-2,SINGLE ENGINE APPROACH/LANDING,2.0
OB-2,SINGLE ENGINE GO-AROUND,2.0
OB-2,SITUATIONAL AWARENESS,1.6740331491712708
OB-2,TAKEOFF (SINGLE-SHIP),2.0625
OB-2,TASK MANAGEMENT,1.6961325966850829
OB-2,TWO-SHIP FORMATION -- TACTICAL,1.6201117318435754
OB-2,VISUAL SEARCH,2.0662983425414363
OB-2,VISUAL SIGNALS,2.077777777777778
OB-2,WEZ RECOGNITION,1.5229885057471264
OB-2,WINGMAN CONSID/FLT INTEGRITY,1.7285714285714286
OB-3,AGSM,2.033333333333333
OB-3,ARMAMENT SWITCHOLOGY/FENCE CHK,2.06
OB-3,BATTLE DAMAGE CHECK,2.0489510489510487
OB-3,COMMUNICATIONS,1.8741721854304636
OB-3,CROSSUNDER,2.129032258064516
OB-3,DECISION MAKING/RISK MANAGEMENT,1.814569536423841
OB-3,DEPARTURE,2.0927152317880795
OB-3,ECHELON,2.04
OB-3,EMERGENCY PROCEDURES,2.9802631578947367
OB-3,FIGHT ANALYSIS,1.6418918918918919
OB-3,FIGHTING WING,2.0526315789473686
OB-3,FINGERTIP,2.0738255033557045
OB-3,FLIGHT COORDINATION,1.9705882352941178
OB-3,FORMATION APPROACH (WING),2.0631578947368423
OB-3,FORMATION TAKEOFF (WING),2.1414141414141414
OB-3,FOUR-SHIP FORMATION - BASIC,2.0869565217391304
OB-3,FOUR-SHIP FORMATION - TACTICAL,2.0
OB-3,FUEL MANAGEMENT,2.0860927152317883
OB-3,G-AWARENESS,2.006666666666667
OB-3,G-AWARENESS TURNS,2.026666666666667
OB-3,GROUND OPERATIONS,2.085526315789474
OB-3,INSTRUMENT TRAIL DEPARTURE,1.75
OB-3,LOST WINGMAN PROCEDURES,2.0
OB-3,MANEUVER MECHANICS,1.4173913043478261
OB-3,MANEUVER MECHANICS (OBFM),1.4545454545454546
OB-3,MANEUVER SELECTION,1.6956521739130435
OB-3,MANEUVER SELECTION (OBFM),1.7575757575757576
OB-3,MISSED APPROACH,2.0
OB-3,MISSION ANALYSIS,2.25
OB-3,MISSION PLANNING/BRIEFING/DEBRIEFING,2.2583333333333333
OB-3,NON-PRECISION APPROACH (HUD ON/OFF),2.0
OB-3,NORMAL LANDING,2.09009009009009
OB-3,NORMAL PATTERN,2.0232558139534884
OB-3,PERCH SETUPS,1.8918918918918919
OB-3,PRECISION APPROACH (HUD ON/OFF),2.111111111111111
OB-3,QUARTER-PLANE EXERCISE,1.0
OB-3,REJOINS,2.067901234567901
OB-3,RETURN TO BASE (RTB) PROCEDURES,2.066225165562914
OB-3,ROUTE,2.12
OB-3,SIMULATED GUNSHOT,1.6666666666666667
OB-3,SIMULATED IR MISSILE SHOT,1.6482758620689655
OB-3,SINGLE ENGINE APPROACH/LANDING,2.0
OB-3,SITUATIONAL AWARENESS,1.6887417218543046
OB-3,TAKEOFF (SINGLE-SHIP),2.086206896551724
OB-3,TASK MANAGEMENT,1.7615894039735098
OB-3,TWO-SHIP FORMATION -- TACTICAL,2.0067114093959733
OB-3,VISUAL SEARCH,2.0860927152317883
OB-3,VISUAL SIGNALS,2.0671140939597317
OB-3,WEZ RECOGNITION,1.6756756756756757
OB-3,WINGMAN CONSID/FLT INTEGRITY,1.829059829059829
OB-4,AGSM,2.138888888888889
OB-4,ARMAMENT SWITCHOLOGY/FENCE CHK,2.195804195804196
OB-4,BATTLE DAMAGE CHECK,2.1619718309859155
OB-4,COMMUNICATIONS,2.2
OB-4,CROSSUNDER,2.161290322580645
OB-4,DECISION MAKING/RISK MANAGEMENT,2.1666666666666665
OB-4,DEPARTURE,2.1904761904761907
OB-4,ECHELON,2.0952380952380953
OB-4,EMERGENCY PROCEDURES,2.993333333333333
OB-4,FIGHT ANALYSIS,2.1267605633802815
OB-4,FIGHTING WING,2.168
OB-4,FINGERTIP,2.174825174825175
OB-4,FLIGHT COORDINATION,2.2058823529411766
OB-4,FORMATION APPROACH (WING),2.2
OB-4,FORMATION TAKEOFF (WING),2.0
OB-4,FOUR-SHIP FORMATION - BASIC,2.0
OB-4,FOUR-SHIP FORMATION - TACTICAL,2.0869565217391304
OB-4,FUEL MANAGEMENT,2.2885906040268456
OB-4,G-AWARENESS,2.0625
OB-4,G-AWARENESS TURNS,2.1527777777777777
OB-4,GROUND OPERATIONS,2.16
OB-4,INSTRUMENT TRAIL DEPARTURE,2.0
OB-4,MANEUVER MECHANICS,1.944954128440367
OB-4,MANEUVER MECHANICS (OBFM),2.0606060606060606
OB-4,MANEUVER SELECTION,2.110091743119266
OB-4,MANEUVER SELECTION (OBFM),2.090909090909091
OB-4,MISSED APPROACH,2.0
OB-4,MISSION ANALYSIS,2.3333333333333335
OB-4,MISSION PLANNING/BRIEFING/DEBRIEFING,2.425
OB-4,NO FLAP APPROACH/LANDING,2.0
OB-4,NON-PRECISION APPROACH (HUD ON/OFF),2.0
OB-4,NORMAL LANDING,2.1231884057971016
OB-4,NORMAL PATTERN,2.1228070175438596
OB-4,PERCH SETUPS,2.232394366197183
OB-4,PRECISION APPROACH (HUD ON/OFF),2.1578947368421053
OB-4,QUARTER-PLANE EXERCISE,1.3333333333333333
OB-4,REJOINS,2.1625
OB-4,RETURN TO BASE (RTB) PROCEDURES,2.1621621621621623
OB-4,ROUTE,2.1838235294117645
OB-4,SIMULATED GUNSHOT,2.1338028169014085
OB-4,SIMULATED IR MISSILE SHOT,2.142857142857143
OB-4,SINGLE ENGINE APPROACH/LANDING,2.0
OB-4,SINGLE ENGINE GO-AROUND,2.0
OB-4,SITUATIONAL AWARENESS,2.046666666666667
OB-4,TAKEOFF (SINGLE-SHIP),2.2481751824817517
OB-4,TASK MANAGEMENT,2.1866666666666665
OB-4,TWO-SHIP FORMATION -- TACTICAL,2.089655172413793
OB-4,VISUAL SEARCH,2.22972972972973
OB-4,VISUAL SIGNALS,2.122448979591837
OB-4,WEZ RECOGNITION,2.1549295774647885
OB-4,WINGMAN CONSID/FLT INTEGRITY,2.189655172413793
S-1,10-DEGREE LAHD POPUP,0.5
S-1,20-DEGREE LALD POPUP,0.0
S-1,AGSM,2.0425531914893615
S-1,ARMAMENT SWITCHOLOGY/FENCE CHK,1.527027027027027
S-1,BATTLE DAMAGE CHECK,2.045801526717557
S-1,CLIMBING SAFE-ESCAPE MANEUVER (CSEM),1.2213740458015268
S-1,COMMUNICATIONS,1.5733333333333333
S-1,CONVENTIONAL 10-DEGREE LAHD,1.1555555555555554
S-1,CONVENTIONAL 20-DEGREE LALD,1.168
S-1,CONVENTIONAL 30-DEGREE DB,1.191304347826087
S-1,CONVENTIONAL/TAC RANGE PROC/PATTERNS,1.1857142857142857
S-1,CROSSUNDER,2.0
S-1,DECISION MAKING/RISK MANAGEMENT,1.6466666666666667
S-1,DEPARTURE,2.0738255033557045
S-1,ECHELON,2.0
S-1,EMERGENCY PROCEDURES,2.986666666666667
S-1,ERROR ANALYSIS,0.8978102189781022
S-1,FIGHTING WING,1.99009900990099
S-1,FINGERTIP,2.084507042253521
S-1,FLIGHT COORDINATION,1.6206896551724137
S-1,FORMATION APPROACH (WING),2.0
S-1,FORMATION TAKEOFF (WING),2.1538461538461537
S-1,FOUR-SHIP FORMATION - BASIC,2.0655737704918034
S-1,FOUR-SHIP FORMATION - TACTICAL,2.010869565217391
S-1,FUEL MANAGEMENT,2.0884353741496597
S-1,G-AWARENESS,2.028169014084507
S-1,G-AWARENESS TURNS,2.042016806722689
S-1,GROUND OPERATIONS,2.0794701986754967
S-1,HIGH ANGLE STRAFE (HAS),1.3716814159292035
S-1,INSTRUMENT TRAIL DEPARTURE,2.0
S-1,LEVEL DELIVERY,0.0
S-1,LEVEL TURNING MANEUVER,0.3333333333333333
S-1,LEVEL/POPUP RANGE,0.3333333333333333
S-1,MISSED APPROACH,2.0
S-1,MISSION ANALYSIS,2.076923076923077
S-1,MISSION PLANNING/BRIEFING/DEBRIEFING,2.130434782608696
S-1,NO FLAP APPROACH/LANDING,2.0
S-1,NON-PRECISION APPROACH (HUD ON/OFF),2.0
S-1,NORMAL LANDING,2.054263565891473
S-1,NORMAL PATTERN,2.011111111111111
S-1,PENETRATION,2.0
S-1,PRECISION APPROACH (HUD ON/OFF),2.1470588235294117
S-1,REJOINS,2.0422535211267605
S-1,RETURN TO BASE (RTB) PROCEDURES,2.0671140939597317
S-1,ROUTE,2.06993006993007
S-1,SAFE ESCAPE MANEUVER,2.0
S-1,SINGLE ENGINE APPROACH/LANDING,2.0
S-1,SINGLE ENGINE GO-AROUND,2.0
S-1,SITUATIONAL AWARENESS,1.54
S-1,TAKEOFF (SINGLE-SHIP),2.078014184397163
S-1,TASK MANAGEMENT,1.5666666666666667
S-1,TWO-SHIP FORMATION -- TACTICAL,1.96875
S-1,VISUAL SEARCH,2.0337837837837838
S-1,VISUAL SIGNALS,2.0482758620689654
S-1,WEAPONS DELIVERY EVENTS/PARAMETERS,1.0
S-1,WINGMAN CONSID/FLT INTEGRITY,1.6859504132231404
S-2,AGSM,2.04320987654321
S-2,ARMAMENT SWITCHOLOGY/FENCE CHK,2.0864197530864197
S-2,BATTLE DAMAGE CHECK,2.019607843137255
S-2,CLIMBING SAFE-ESCAPE MANEUVER (CSEM),2.0738255033557045
S-2,COMMUNICATIONS,1.8313253012048192
S-2,CONVENTIONAL 10-DEGREE LAHD,2.027027027027027
S-2,CONVENTIONAL 20-DEGREE LALD,2.029850746268657
S-2,CONVENTIONAL 30-DEGREE DB,1.9922480620155039
S-2,CONVENTIONAL/TAC RANGE PROC/PATTERNS,1.980263157894737
S-2,CROSSUNDER,2.0
S-2,DECISION MAKING/RISK MANAGEMENT,1.8253012048192772
S-2,DEPARTURE,2.097560975609756
S-2,ECHELON,2.0
S-2,EMERGENCY PROCEDURES,3.0
S-2,ERROR ANALYSIS,1.356164383561644
S-2,FIGHTING WING,2.0288461538461537
S-2,FINGERTIP,2.0580645161290323
S-2,FLIGHT COORDINATION,1.8064516129032258
S-2,FORMATION APPROACH (WING),2.0
S-2,FORMATION TAKEOFF (WING),1.8571428571428572
S-2,FOUR-SHIP FORMATION - BASIC,2.0350877192982457
S-2,FOUR-SHIP FORMATION - TACTICAL,2.0136986301369864
S-2,FUEL MANAGEMENT,2.0787878787878786
S-2,G-AWARENESS,2.037037037037037
S-2,G-AWARENESS TURNS,2.028776978417266
S-2,GROUND OPERATIONS,2.066265060240964
S-2,HIGH ANGLE STRAFE (HAS),2.041322314049587
S-2,INSTRUMENT TRAIL DEPARTURE,2.0
S-2,LEVEL DELIVERY,1.0
S-2,LEVEL/POPUP RANGE,1.0
S-2,MISSED APPROACH,2.0
S-2,MISSION ANALYSIS,2.272727272727273
S-2,MISSION PLANNING/BRIEFING/DEBRIEFING,2.2451612903225806
S-2,NO FLAP APPROACH/LANDING,2.0
S-2,NON-PRECISION APPROACH (HUD ON/OFF),2.1052631578947367
S-2,NORMAL LANDING,2.041095890410959
S-2,NORMAL PATTERN,1.829268292682927
S-2,PENETRATION,2.0
S-2,PRECISION APPROACH (HUD ON/OFF),2.0
S-2,REJOINS,2.0258064516129033
S-2,RETURN TO BASE (RTB) PROCEDURES,2.048780487804878
S-2,ROUTE,2.051948051948052
S-2,SAFE ESCAPE MANEUVER,2.3333333333333335
S-2,SINGLE ENGINE APPROACH/LANDING,2.0
S-2,SINGLE ENGINE GO-AROUND,2.0
S-2,SITUATIONAL AWARENESS,1.6927710843373494
S-2,TAKEOFF (SINGLE-SHIP),2.1216216216216215
S-2,TASK MANAGEMENT,1.7469879518072289
S-2,TWO-SHIP FORMATION -- TACTICAL,2.0441176470588234
S-2,VISUAL SEARCH,2.036363636363636
S-2,VISUAL SIGNALS,2.019230769230769
S-2,WEAPONS DELIVERY EVENTS/PARAMETERS,2.0
S-2,WINGMAN CONSID/FLT INTEGRITY,1.8296296296296297
S-3,10 DEGREE LAHD POPUP,1.4
S-3,10-DEGREE LAHD POPUP,1.5740740740740742
S-3,20 DEGREE LALD POPUP,1.1428571428571428
S-3,20-DEGREE LALD POPUP,1.4489795918367347
S-3,AGSM,2.0567375886524824
S-3,ARMAMENT SWITCHOLOGY/FENCE CHK,2.1056338028169015
S-3,BATTLE DAMAGE CHECK,2.074626865671642
S-3,CLIMBING SAFE-ESCAPE MANEUVER (CSEM),2.0
S-3,COMMUNICATIONS,1.6394557823129252
S-3,CONVENTIONAL/TAC RANGE PROC/PATTERNS,1.7142857142857142
S-3,CROSSUNDER,2.0
S-3,DECISION MAKING/RISK MANAGEMENT,1.8767123287671232
S-3,DEPARTURE,2.0567375886524824
S-3,ECHELON,2.0
S-3,EMERGENCY PROCEDURES,2.9863945578231292
S-3,ERROR ANALYSIS,1.1176470588235294
S-3,FIGHTING WING,2.0595238095238093
S-3,FINGERTIP,2.0676691729323307
S-3,FLIGHT COORDINATION,1.7272727272727273
S-3,FORMATION APPROACH (WING),2.0
S-3,FORMATION TAKEOFF (WING),2.0
S-3,FOUR-SHIP FORMATION - BASIC,2.0517241379310347
S-3,FOUR-SHIP FORMATION - TACTICAL,2.026315789473684
S-3,FUEL MANAGEMENT,2.1310344827586207
S-3,G-AWARENESS,2.0567375886524824
S-3,G-AWARENESS TURNS,2.048780487804878
S-3,GROUND OPERATIONS,2.129251700680272
S-3,HIGH ANGLE STRAFE (HAS),2.0
S-3,INSTRUMENT TRAIL DEPARTURE,2.0
S-3,LEVEL DELIVERY,1.7388059701492538
S-3,LEVEL TURNING MANEUVER,1.5223880597014925
S-3,LEVEL/POPUP RANGE,1.528
S-3,LEVEL/POPUP RANGE PROC/PATTERNS,1.2727272727272727
S-3,LONG RANGE STRAFE,1.6222222222222222
S-3,MISSED APPROACH,2.0
S-3,MISSION ANALYSIS,2.272727272727273
S-3,MISSION PLANNING/BRIEFING/DEBRIEFING,2.3088235294117645
S-3,NON-PRECISION APPROACH (HUD ON/OFF),2.111111111111111
S-3,NORMAL LANDING,2.1029411764705883
S-3,NORMAL PATTERN,2.053763440860215
S-3,PENETRATION,0.5
S-3,PRECISION APPROACH (HUD ON/OFF),2.0689655172413794
S-3,REJOINS,2.0437956204379564
S-3,RETURN TO BASE (RTB) PROCEDURES,2.0551724137931036
S-3,ROUTE,2.051851851851852
S-3,SAFE ESCAPE MANEUVER,1.5
S-3,SINGLE ENGINE APPROACH/LANDING,2.0
S-3,SITUATIONAL AWARENESS,1.773972602739726
S-3,TAKEOFF (SINGLE-SHIP),2.129496402877698
S-3,TASK MANAGEMENT,1.727891156462585
S-3,TWO-SHIP FORMATION -- TACTICAL,2.024390243902439
S-3,VISUAL SEARCH,2.0684931506849313
S-3,VISUAL SIGNALS,2.072463768115942
S-3,WEAPONS DELIVERY EVENTS/PARAMETERS,1.5
S-3,WINGMAN CONSID/FLT INTEGRITY,1.8918918918918919
S-4,10 DEGREE LAHD POPUP,2.1666666666666665
S-4,10-DEGREE LAHD POPUP,2.210526315789474
S-4,20 DEGREE LALD POPUP,2.1363636363636362
S-4,20-DEGREE LALD POPUP,2.0594059405940595
S-4,AGSM,2.122448979591837
S-4,ARMAMENT SWITCHOLOGY/FENCE CHK,2.12751677852349
S-4,BATTLE DAMAGE CHECK,2.0071942446043165
S-4,CLIMBING SAFE-ESCAPE MANEUVER (CSEM),2.25
S-4,COMMUNICATIONS,2.165562913907285
S-4,CONVENTIONAL/TAC RANGE PROC/PATTERNS,2.0714285714285716
S-4,CROSSUNDER,2.0
S-4,DECISION MAKING/RISK MANAGEMENT,2.1390728476821192
S-4,DEPARTURE,2.1554054054054053
S-4,EMERGENCY PROCEDURES,2.9802631578947367
S-4,ERROR ANALYSIS,1.627906976744186
S-4,FIGHTING WING,2.1237113402061856
S-4,FINGERTIP,2.1079136690647484
S-4,FLIGHT COORDINATION,2.3225806451612905
S-4,FORMATION APPROACH (WING),2.0
S-4,FORMATION TAKEOFF (WING),2.0
S-4,FOUR-SHIP FORMATION - BASIC,2.0416666666666665
S-4,FOUR-SHIP FORMATION - TACTICAL,2.09375
S-4,FUEL MANAGEMENT,2.2317880794701987
S-4,G-AWARENESS,2.1164383561643834
S-4,G-AWARENESS TURNS,2.048
S-4,GROUND OPERATIONS,2.151315789473684
S-4,HIGH ANGLE STRAFE (HAS),2.090909090909091
S-4,INSTRUMENT TRAIL DEPARTURE,2.142857142857143
S-4,LEVEL DELIVERY,2.2142857142857144
S-4,LEVEL TURNING MANEUVER,2.1846153846153844
S-4,LEVEL/POPUP RANGE,2.128787878787879
S-4,LEVEL/POPUP RANGE PROC/PATTERNS,2.2222222222222223
S-4,LONG RANGE STRAFE,2.268292682926829
S-4,MISSED APPROACH,2.0
S-4,MISSION ANALYSIS,2.3333333333333335
S-4,MISSION PLANNING/BRIEFING/DEBRIEFING,2.392857142857143
S-4,NON-PRECISION APPROACH (HUD ON/OFF),2.0588235294117645
S-4,NORMAL LANDING,2.045112781954887
S-4,NORMAL PATTERN,2.0526315789473686
S-4,PENETRATION,2.0
S-4,PRECISION APPROACH (HUD ON/OFF),2.076923076923077
S-4,REJOINS,2.0875912408759123
S-4,RETURN TO BASE (RTB) PROCEDURES,2.1258278145695364
S-4,ROUTE,2.0948905109489053
S-4,SAFE ESCAPE MANEUVER,2.5
S-4,SINGLE ENGINE APPROACH/LANDING,2.0
S-4,SITUATIONAL AWARENESS,2.1456953642384105
S-4,TAKEOFF (SINGLE-SHIP),2.204225352112676
S-4,TASK MANAGEMENT,2.1456953642384105
S-4,TWO-SHIP FORMATION -- TACTICAL,2.0597014925373136
S-4,VISUAL SEARCH,2.1125827814569536
S-4,VISUAL SIGNALS,2.0753424657534247
S-4,WEAPONS DELIVERY EVENTS/PARAMETERS,2.5
S-4,WINGMAN CONSID/FLT INTEGRITY,2.1083333333333334
S-5C,10-DEGREE LAHD POPUP,2.0
S-5C,20-DEGREE LALD POPUP,2.0
S-5C,AGSM,2.0
S-5C,ARMAMENT SWITCHOLOGY/FENCE CHK,2.0
S-5C,BATTLE DAMAGE CHECK,2.0
S-5C,CLIMBING SAFE-ESCAPE MANEUVER (CSEM),2.0
S-5C,COMMUNICATIONS,2.0
S-5C,CONVENTIONAL 10-DEGREE LAHD,2.0
S-5C,CONVENTIONAL 20-DEGREE LALD,2.0
S-5C,CONVENTIONAL 30-DEGREE DB,2.0
S-5C,CONVENTIONAL/TAC RANGE PROC/PATTERNS,2.0
S-5C,DECISION MAKING/RISK MANAGEMENT,2.0
S-5C,DEPARTURE,2.0
S-5C,EMERGENCY PROCEDURES,3.0
S-5C,ERROR ANALYSIS,1.0
S-5C,FINGERTIP,2.0
S-5C,FUEL MANAGEMENT,2.0
S-5C,G-AWARENESS,2.0
S-5C,G-AWARENESS TURNS,2.0
S-5C,GROUND OPERATIONS,2.0
S-5C,HIGH ANGLE STRAFE (HAS),2.0
S-5C,LEVEL TURNING MANEUVER,2.0
S-5C,LEVEL/POPUP RANGE,2.0
S-5C,LONG RANGE STRAFE,2.0
S-5C,MISSION PLANNING/BRIEFING/DEBRIEFING,2.0
S-5C,NORMAL LANDING,2.0
S-5C,NORMAL PATTERN,2.0
S-5C,REJOINS,2.0
S-5C,RETURN TO BASE (RTB) PROCEDURES,2.0
S-5C,ROUTE,2.0
S-5C,SITUATIONAL AWARENESS,2.0
S-5C,TAKEOFF (SINGLE-SHIP),2.0
S-5C,TASK MANAGEMENT,2.0
S-5C,TWO-SHIP FORMATION -- TACTICAL,2.0
S-5C,VISUAL SEARCH,2.0
S-5C,VISUAL SIGNALS,2.0
S-5C,WINGMAN CONSID/FLT INTEGRITY,2.0
SAT-1,AGSM,2.0736842105263156
SAT-1,ARMAMENT SWITCHOLOGY/FENCE CHK,2.1157894736842104
SAT-1,BASIC RANGE PROCEDURES AND PATTERNS,2.0428571428571427
SAT-1,BATTLE DAMAGE CHECK,2.1267605633802815
SAT-1,COMMUNICATIONS,1.846938775510204
SAT-1,CROSSUNDER,2.0
SAT-1,DECISION MAKING/RISK MANAGEMENT,1.8775510204081634
SAT-1,DEPARTURE,2.082474226804124
SAT-1,EMERGENCY PROCEDURES,2.9489795918367347
SAT-1,ERROR ANALYSIS,2.0
SAT-1,FIGHTING WING,2.096774193548387
SAT-1,FINGERTIP,2.1139240506329116
SAT-1,FLIGHT COORDINATION,1.8636363636363635
SAT-1,FORMATION TAKEOFF (WING),2.0
SAT-1,FOUR-SHIP FORMATION - BASIC,2.0
SAT-1,FOUR-SHIP FORMATION - TACTICAL,2.0
SAT-1,FUEL MANAGEMENT,2.163265306122449
SAT-1,G-AWARENESS,2.0208333333333335
SAT-1,G-AWARENESS TURNS,2.057142857142857
SAT-1,GROUND OPERATIONS,2.163265306122449
SAT-1,INSTRUMENT TRAIL DEPARTURE,2.0
SAT-1,MISSED APPROACH,2.0833333333333335
SAT-1,MISSION ANALYSIS,2.3333333333333335
SAT-1,MISSION PLANNING/BRIEFING/DEBRIEFING,2.292134831460674
SAT-1,NO FLAP APPROACH/LANDING,2.0
SAT-1,NON-PRECISION APPROACH (HUD ON/OFF),2.096774193548387
SAT-1,NORMAL LANDING,2.0786516853932584
SAT-1,NORMAL PATTERN,2.0588235294117645
SAT-1,PENETRATION,2.0588235294117645
SAT-1,PRECISION APPROACH (HUD ON/OFF),2.1470588235294117
SAT-1,REJOINS,2.1025641025641026
SAT-1,RETURN TO BASE (RTB) PROCEDURES,2.122448979591837
SAT-1,ROUTE,2.1184210526315788
SAT-1,SAFE ESCAPE MANEUVER,2.117021276595745
SAT-1,SITUATIONAL AWARENESS,1.6326530612244898
SAT-1,TACS/JFIRE PROCEDURES,1.4492753623188406
SAT-1,TAKEOFF (SINGLE-SHIP),2.122448979591837
SAT-1,TASK MANAGEMENT,1.7551020408163265
SAT-1,THREAT REACTIONS,1.558139534883721
SAT-1,TWO-SHIP FORMATION -- TACTICAL,2.051282051282051
SAT-1,TWO-SHIP MUTUAL SUPPORT,1.617283950617284
SAT-1,VISUAL SEARCH,2.0721649484536084
SAT-1,VISUAL SIGNALS,2.1012658227848102
SAT-1,WEAPONS EMPLOYMENT,1.5217391304347827
SAT-1,WINGMAN CONSID/FLT INTEGRITY,1.826086956521739
SAT-2,AGSM,2.076923076923077
SAT-2,ARMAMENT SWITCHOLOGY/FENCE CHK,2.1538461538461537
SAT-2,BASIC RANGE PROCEDURES AND PATTERNS,2.111111111111111
SAT-2,BATTLE DAMAGE CHECK,2.1538461538461537
SAT-2,COMMUNICATIONS,2.1538461538461537
SAT-2,DECISION MAKING/RISK MANAGEMENT,2.076923076923077
SAT-2,DEPARTURE,2.1538461538461537
SAT-2,EMERGENCY PROCEDURES,3.0
SAT-2,FIGHTING WING,2.2
SAT-2,FINGERTIP,2.1538461538461537
SAT-2,FLIGHT COORDINATION,2.0
SAT-2,FORMATION TAKEOFF (WING),3.0
SAT-2,FOUR-SHIP FORMATION - BASIC,2.0
SAT-2,FUEL MANAGEMENT,2.1538461538461537
SAT-2,G-AWARENESS,2.076923076923077
SAT-2,G-AWARENESS TURNS,2.0
SAT-2,GROUND OPERATIONS,2.076923076923077
SAT-2,INSTRUMENT TRAIL DEPARTURE,3.0
SAT-2,MISSION ANALYSIS,2.0
SAT-2,MISSION PLANNING/BRIEFING/DEBRIEFING,2.272727272727273
SAT-2,NON-PRECISION APPROACH (HUD ON/OFF),2.0
SAT-2,NORMAL LANDING,2.0833333333333335
SAT-2,NORMAL PATTERN,2.0
SAT-2,PENETRATION,2.0
SAT-2,PRECISION APPROACH (HUD ON/OFF),2.0
SAT-2,REJOINS,2.1666666666666665
SAT-2,RETURN TO BASE (RTB) PROCEDURES,2.1538461538461537
SAT-2,ROUTE,2.1538461538461537
SAT-2,SAFE ESCAPE MANEUVER,2.1538461538461537
SAT-2,SITUATIONAL AWARENESS,2.076923076923077
SAT-2,TACS/JFIRE PROCEDURES,1.6
SAT-2,TAKEOFF (SINGLE-SHIP),2.1538461538461537
SAT-2,TASK MANAGEMENT,2.0
SAT-2,THREAT REACTIONS,1.5454545454545454
SAT-2,TWO-SHIP FORMATION -- TACTICAL,2.1666666666666665
SAT-2,TWO-SHIP MUTUAL SUPPORT,1.5384615384615385
SAT-2,VISUAL SEARCH,2.230769230769231
SAT-2,VISUAL SIGNALS,2.1538461538461537
SAT-2,WEAPONS EMPLOYMENT,1.9230769230769231
SAT-2,WINGMAN CONSID/FLT INTEGRITY,2.1
