SYL_EVNT_NAME_NM,SYL_EVNT_ITM_NAME_NM,ITEM_GRADE_QY
ACM-1,ACM SETUPS,2
ACM-1,AGSM,2
ACM-1,ARMAMENT SWITCHOLOGY/FENCE CHK,2
ACM-1,BATTLE DAMAGE CHECK,2
ACM-1,COMMUNICATIONS,2
ACM-1,DECISION MAKING/RISK MANAGEMENT,2
ACM-1,DEPARTURE,2
ACM-1,EMERGENCY PROCEDURES,2
ACM-1,ENGAGED / SUPPORT MANEUVERING,2
ACM-1,FIGHTING WING,1
ACM-1,FINGERTIP,2
ACM-1,FLIGHT COORDINATION,2
ACM-1,FOUR-SHIP FORMATION - BASIC,1
ACM-1,FOUR-SHIP FORMATION - TACTICAL,2
ACM-1,FUEL MANAGEMENT,2
ACM-1,G-AWARENESS,2
ACM-1,G-AWARENESS TURNS,2
ACM-1,GROUND OPERATIONS,2
ACM-1,MISSION PLANNING/BRIEFING/DEBRIEFING,2
ACM-1,MUTUAL SUPPORT COMMUNICATION (3-1),2
ACM-1,NON-PRECISION APPROACH (HUD ON/OFF),1
ACM-1,NORMAL LANDING,2
ACM-1,NORMAL PATTERN,2
ACM-1,REJOINS,2
ACM-1,RETURN TO BASE (RTB) PROCEDURES,2
ACM-1,ROLE ESTABLISHMENT/CONTRACT EXECUTION,2
ACM-1,ROUTE,2
ACM-1,SITUATIONAL AWARENESS,2
ACM-1,TAKEOFF (SINGLE-SHIP),2
ACM-1,TASK MANAGEMENT,2
ACM-1,TWO-SHIP FORMATION -- TACTICAL,1
ACM-1,VISUAL SEARCH,2
ACM-1,VISUAL SIGNALS,2
ACM-1,WEAPONS EMPLOYMENT,2
ACM-2,ACM SETUPS,1
ACM-2,AGSM,1
ACM-2,ARMAMENT SWITCHOLOGY/FENCE CHK,1
ACM-2,BATTLE DAMAGE CHECK,1
ACM-2,COMMUNICATIONS,1
ACM-2,DECISION MAKING/RISK MANAGEMENT,1
ACM-2,DEPARTURE,1
ACM-2,EMERGENCY PROCEDURES,1
ACM-2,ENGAGED / SUPPORT MANEUVERING,1
ACM-2,FINGERTIP,1
ACM-2,FLIGHT COORDINATION,1
ACM-2,FOUR-SHIP FORMATION - BASIC,1
ACM-2,FOUR-SHIP FORMATION - TACTICAL,1
ACM-2,FUEL MANAGEMENT,1
ACM-2,G-AWARENESS,1
ACM-2,G-AWARENESS TURNS,1
ACM-2,GROUND OPERATIONS,1
ACM-2,MISSION PLANNING/BRIEFING/DEBRIEFING,1
ACM-2,MUTUAL SUPPORT COMMUNICATION (3-1),1
ACM-2,NORMAL LANDING,1
ACM-2,NORMAL PATTERN,1
ACM-2,REJOINS,1
ACM-2,RETURN TO BASE (RTB) PROCEDURES,1
ACM-2,ROLE ESTABLISHMENT/CONTRACT EXECUTION,1
ACM-2,ROUTE,1
ACM-2,SITUATIONAL AWARENESS,1
ACM-2,TAKEOFF (SINGLE-SHIP),1
ACM-2,TASK MANAGEMENT,1
ACM-2,TWO-SHIP FORMATION -- TACTICAL,1
ACM-2,VISUAL SEARCH,1
ACM-2,VISUAL SIGNALS,1
ACM-2,WEAPONS EMPLOYMENT,1
CAS-1,AGSM,16
CAS-1,ARMAMENT SWITCHOLOGY/FENCE CHK,16
CAS-1,BASIC RANGE PROCEDURES AND PATTERNS,3
CAS-1,BATTLE DAMAGE CHECK,14
CAS-1,COMMUNICATIONS,16
CAS-1,CONVENTIONAL/TAC RANGE PROC/PATTERNS,1
CAS-1,CROSSUNDER,6
CAS-1,DECISION MAKING/RISK MANAGEMENT,16
CAS-1,DEPARTURE,16
CAS-1,ECHELON,5
CAS-1,EMERGENCY PROCEDURES,16
CAS-1,ERROR ANALYSIS,5
CAS-1,FIGHTING WING,15
CAS-1,FINGERTIP,15
CAS-1,FLIGHT COORDINATION,16
CAS-1,FORMATION APPROACH (WING),1
CAS-1,FORMATION TAKEOFF (WING),2
CAS-1,FOUR-SHIP FORMATION - BASIC,1
CAS-1,FOUR-SHIP FORMATION - TACTICAL,1
CAS-1,FUEL MANAGEMENT,16
CAS-1,G-AWARENESS,16
CAS-1,G-AWARENESS TURNS,6
CAS-1,GROUND OPERATIONS,16
CAS-1,INSTRUMENT TRAIL DEPARTURE,3
CAS-1,LOST WINGMAN PROCEDURES,2
CAS-1,MISSED APPROACH,1
CAS-1,MISSION PLANNING/BRIEFING/DEBRIEFING,16
CAS-1,NO FLAP APPROACH/LANDING,1
CAS-1,NON-PRECISION APPROACH (HUD ON/OFF),2
CAS-1,NORMAL LANDING,16
CAS-1,NORMAL PATTERN,15
CAS-1,PENETRATION,2
CAS-1,PRECISION APPROACH (HUD ON/OFF),1
CAS-1,REJOINS,16
CAS-1,RETURN TO BASE (RTB) PROCEDURES,16
CAS-1,ROUTE,15
CAS-1,SAFE ESCAPE MANEUVER,19
CAS-1,SINGLE ENGINE APPROACH/LANDING,1
CAS-1,SINGLE ENGINE GO-AROUND,1
CAS-1,SITUATIONAL AWARENESS,16
CAS-1,TACS/JFIRE PROCEDURES,16
CAS-1,TAKEOFF (SINGLE-SHIP),16
CAS-1,TASK MANAGEMENT,16
CAS-1,THREAT REACTIONS,16
CAS-1,TWO-SHIP FORMATION -- TACTICAL,16
CAS-1,TWO-SHIP MUTUAL SUPPORT,16
CAS-1,VISUAL SEARCH,16
CAS-1,VISUAL SIGNALS,16
CAS-1,WEAPONS DELIVERY EVENTS/PARAMETERS,2
CAS-1,WEAPONS EMPLOYMENT,20
CAS-2,AGSM,2
CAS-2,ARMAMENT SWITCHOLOGY/FENCE CHK,2
CAS-2,BATTLE DAMAGE CHECK,1
CAS-2,COMMUNICATIONS,2
CAS-2,CROSSUNDER,1
CAS-2,DECISION MAKING/RISK MANAGEMENT,2
CAS-2,DEPARTURE,2
CAS-2,ECHELON,1
CAS-2,EMERGENCY PROCEDURES,2
CAS-2,FIGHTING WING,1
CAS-2,FINGERTIP,1
CAS-2,FLIGHT COORDINATION,2
CAS-2,FUEL MANAGEMENT,2
CAS-2,G-AWARENESS,2
CAS-2,G-AWARENESS TURNS,1
CAS-2,GROUND OPERATIONS,2
CAS-2,INSTRUMENT TRAIL DEPARTURE,1
CAS-2,MISSION PLANNING/BRIEFING/DEBRIEFING,2
CAS-2,NON-PRECISION APPROACH (HUD ON/OFF),1
CAS-2,NORMAL LANDING,2
CAS-2,NORMAL PATTERN,1
CAS-2,PENETRATION,1
CAS-2,PRECISION APPROACH (HUD ON/OFF),2
CAS-2,REJOINS,2
CAS-2,RETURN TO BASE (RTB) PROCEDURES,2
CAS-2,ROUTE,1
CAS-2,SITUATIONAL AWARENESS,2
CAS-2,TACS/JFIRE PROCEDURES,1
CAS-2,TAKEOFF (SINGLE-SHIP),2
CAS-2,TASK MANAGEMENT,2
CAS-2,TWO-SHIP FORMATION -- TACTICAL,2
CAS-2,TWO-SHIP MUTUAL SUPPORT,1
CAS-2,VISUAL SEARCH,2
CAS-2,VISUAL SIGNALS,1
DB-1,AGSM,30
DB-1,ARMAMENT SWITCHOLOGY/FENCE CHK,31
DB-1,BATTLE DAMAGE CHECK,30
DB-1,COMMUNICATIONS,32
DB-1,CROSSUNDER,3
DB-1,DECISION MAKING/RISK MANAGEMENT,31
DB-1,DEFENSIVE RANGING/PURSUIT CURVE EXERCISE,24
DB-1,DEPARTURE,31
DB-1,ECHELON,1
DB-1,EMERGENCY PROCEDURES,32
DB-1,FIGHT ANALYSIS,27
DB-1,FIGHTING WING,29
DB-1,FINGERTIP,30
DB-1,FLIGHT COORDINATION,32
DB-1,FORMATION APPROACH (WING),6
DB-1,FORMATION TAKEOFF (WING),7
DB-1,FOUR-SHIP FORMATION - BASIC,10
DB-1,FOUR-SHIP FORMATION - TACTICAL,15
DB-1,FUEL MANAGEMENT,30
DB-1,G-AWARENESS,30
DB-1,G-AWARENESS TURNS,30
DB-1,GROUND OPERATIONS,32
DB-1,LOST WINGMAN PROCEDURES,1
DB-1,MANEUVER MECHANICS,25
DB-1,MANEUVER MECHANICS (OBFM),3
DB-1,MANEUVER SELECTION,24
DB-1,MANEUVER SELECTION (OBFM),3
DB-1,MISSED APPROACH,1
DB-1,MISSION ANALYSIS,11
DB-1,MISSION PLANNING/BRIEFING/DEBRIEFING,32
DB-1,NON-PRECISION APPROACH (HUD ON/OFF),2
DB-1,NORMAL LANDING,30
DB-1,NORMAL PATTERN,13
DB-1,PERCH SETUPS,28
DB-1,PRECISION APPROACH (HUD ON/OFF),7
DB-1,REJOINS,31
DB-1,RETURN TO BASE (RTB) PROCEDURES,32
DB-1,REVERSAL / SCISSORS EXERCISE,25
DB-1,ROUTE,30
DB-1,SINGLE ENGINE APPROACH/LANDING,1
DB-1,SITUATIONAL AWARENESS,32
DB-1,TAKEOFF (SINGLE-SHIP),25
DB-1,TASK MANAGEMENT,32
DB-1,TWO-SHIP FORMATION -- TACTICAL,31
DB-1,VISUAL SEARCH,31
DB-1,VISUAL SIGNALS,31
DB-1,WEZ RECOGNITION,26
DB-2,AGSM,30
DB-2,ARMAMENT SWITCHOLOGY/FENCE CHK,30
DB-2,BATTLE DAMAGE CHECK,30
DB-2,COMMUNICATIONS,30
DB-2,CROSSUNDER,4
DB-2,DECISION MAKING/RISK MANAGEMENT,30
DB-2,DEPARTURE,29
DB-2,ECHELON,2
DB-2,EMERGENCY PROCEDURES,30
DB-2,FIGHT ANALYSIS,30
DB-2,FIGHTING WING,29
DB-2,FINGERTIP,29
DB-2,FLIGHT COORDINATION,30
DB-2,FORMATION APPROACH (WING),1
DB-2,FORMATION TAKEOFF (WING),2
DB-2,FOUR-SHIP FORMATION - BASIC,10
DB-2,FOUR-SHIP FORMATION - TACTICAL,15
DB-2,FUEL MANAGEMENT,30
DB-2,G-AWARENESS,30
DB-2,G-AWARENESS TURNS,30
DB-2,GROUND OPERATIONS,30
DB-2,INSTRUMENT TRAIL DEPARTURE,5
DB-2,JINK EXERCISE,25
DB-2,MANEUVER MECHANICS,26
DB-2,MANEUVER MECHANICS (OBFM),4
DB-2,MANEUVER SELECTION,26
DB-2,MANEUVER SELECTION (OBFM),4
DB-2,MISSION ANALYSIS,2
DB-2,MISSION PLANNING/BRIEFING/DEBRIEFING,28
DB-2,NO FLAP APPROACH/LANDING,2
DB-2,NON-PRECISION APPROACH (HUD ON/OFF),6
DB-2,NORMAL LANDING,25
DB-2,NORMAL PATTERN,10
DB-2,PENETRATION,1
DB-2,PERCH SETUPS,28
DB-2,PRECISION APPROACH (HUD ON/OFF),13
DB-2,REJOINS,25
DB-2,RETURN TO BASE (RTB) PROCEDURES,30
DB-2,ROUTE,28
DB-2,SIMULATED GUNSHOT,1
DB-2,SIMULATED IR MISSILE SHOT,2
DB-2,SINGLE ENGINE APPROACH/LANDING,1
DB-2,SITUATIONAL AWARENESS,30
DB-2,TAKEOFF (SINGLE-SHIP),28
DB-2,TASK MANAGEMENT,30
DB-2,TWO-SHIP FORMATION -- TACTICAL,30
DB-2,VISUAL SEARCH,30
DB-2,VISUAL SIGNALS,30
DB-2,WEZ RECOGNITION,30
DB-3,AGSM,29
DB-3,ARMAMENT SWITCHOLOGY/FENCE CHK,29
DB-3,BATTLE DAMAGE CHECK,27
DB-3,COMMUNICATIONS,29
DB-3,CROSSUNDER,4
DB-3,DECISION MAKING/RISK MANAGEMENT,29
DB-3,DEPARTURE,28
DB-3,ECHELON,3
DB-3,EMERGENCY PROCEDURES,29
DB-3,FIGHT ANALYSIS,29
DB-3,FIGHTING WING,27
DB-3,FINGERTIP,29
DB-3,FLIGHT COORDINATION,29
DB-3,FORMATION APPROACH (WING),1
DB-3,FORMATION TAKEOFF (WING),1
DB-3,FOUR-SHIP FORMATION - BASIC,7
DB-3,FOUR-SHIP FORMATION - TACTICAL,13
DB-3,FUEL MANAGEMENT,29
DB-3,G-AWARENESS,29
DB-3,G-AWARENESS TURNS,29
DB-3,GROUND OPERATIONS,29
DB-3,MANEUVER MECHANICS,25
DB-3,MANEUVER MECHANICS (OBFM),4
DB-3,MANEUVER SELECTION,25
DB-3,MANEUVER SELECTION (OBFM),4
DB-3,MISSED APPROACH,1
DB-3,MISSION PLANNING/BRIEFING/DEBRIEFING,29
DB-3,NO FLAP APPROACH/LANDING,2
DB-3,NON-PRECISION APPROACH (HUD ON/OFF),2
DB-3,NORMAL LANDING,24
DB-3,NORMAL PATTERN,12
DB-3,PERCH SETUPS,29
DB-3,PRECISION APPROACH (HUD ON/OFF),11
DB-3,REJOINS,29
DB-3,RETURN TO BASE (RTB) PROCEDURES,29
DB-3,ROUTE,29
DB-3,SINGLE ENGINE APPROACH/LANDING,1
DB-3,SITUATIONAL AWARENESS,29
DB-3,TAKEOFF (SINGLE-SHIP),28
DB-3,TASK MANAGEMENT,29
DB-3,TWO-SHIP FORMATION -- TACTICAL,29
DB-3,VISUAL SEARCH,29
DB-3,VISUAL SIGNALS,29
DB-3,WEZ RECOGNITION,29
DB-4,AGSM,29
DB-4,ARMAMENT SWITCHOLOGY/FENCE CHK,29
DB-4,BATTLE DAMAGE CHECK,27
DB-4,COMMUNICATIONS,29
DB-4,CROSSUNDER,2
DB-4,DECISION MAKING/RISK MANAGEMENT,29
DB-4,DEPARTURE,29
DB-4,ECHELON,2
DB-4,EMERGENCY PROCEDURES,29
DB-4,FIGHT ANALYSIS,28
DB-4,FIGHTING WING,25
DB-4,FINGERTIP,27
DB-4,FLIGHT COORDINATION,29
DB-4,FORMATION TAKEOFF (WING),7
DB-4,FOUR-SHIP FORMATION - BASIC,2
DB-4,FOUR-SHIP FORMATION - TACTICAL,5
DB-4,FUEL MANAGEMENT,29
DB-4,G-AWARENESS,29
DB-4,G-AWARENESS TURNS,29
DB-4,GROUND OPERATIONS,29
DB-4,INSTRUMENT TRAIL DEPARTURE,1
DB-4,JINK EXERCISE,1
DB-4,LOST WINGMAN PROCEDURES,1
DB-4,MANEUVER MECHANICS,25
DB-4,MANEUVER MECHANICS (OBFM),3
DB-4,MANEUVER SELECTION,25
DB-4,MANEUVER SELECTION (OBFM),3
DB-4,MISSION PLANNING/BRIEFING/DEBRIEFING,29
DB-4,NON-PRECISION APPROACH (HUD ON/OFF),1
DB-4,NORMAL LANDING,26
DB-4,NORMAL PATTERN,22
DB-4,PERCH SETUPS,28
DB-4,PRECISION APPROACH (HUD ON/OFF),5
DB-4,REJOINS,28
DB-4,RETURN TO BASE (RTB) PROCEDURES,29
DB-4,ROUTE,27
DB-4,SINGLE ENGINE APPROACH/LANDING,1
DB-4,SITUATIONAL AWARENESS,29
DB-4,TAKEOFF (SINGLE-SHIP),24
DB-4,TASK MANAGEMENT,29
DB-4,TWO-SHIP FORMATION -- TACTICAL,28
DB-4,VISUAL SEARCH,29
DB-4,VISUAL SIGNALS,28
DB-4,WEZ RECOGNITION,28
F-1,AGSM,28
F-1,ARMAMENT SWITCHOLOGY/FENCE CHK,28
F-1,BATTLE DAMAGE CHECK,27
F-1,COMMUNICATIONS,28
F-1,CROSSUNDER,27
F-1,DECISION MAKING/RISK MANAGEMENT,28
F-1,DEPARTURE,27
F-1,ECHELON,27
F-1,EMERGENCY PROCEDURES,28
F-1,FIGHTING WING,24
F-1,FINGERTIP,28
F-1,FLIGHT COORDINATION,28
F-1,FORMATION TAKEOFF (WING),1
F-1,FOUR-SHIP FORMATION - TACTICAL,1
F-1,FUEL MANAGEMENT,28
F-1,G-AWARENESS,28
F-1,G-AWARENESS TURNS,27
F-1,GROUND OPERATIONS,28
F-1,HEAT-TO-GUNS EXERCISE,28
F-1,INSTRUMENT TRAIL DEPARTURE,1
F-1,MISSION PLANNING/BRIEFING/DEBRIEFING,28
F-1,NO FLAP APPROACH/LANDING,11
F-1,NON-PRECISION APPROACH (HUD ON/OFF),3
F-1,NORMAL LANDING,28
F-1,NORMAL PATTERN,25
F-1,PENETRATION,1
F-1,PRECISION APPROACH (HUD ON/OFF),3
F-1,REJOINS,28
F-1,RETURN TO BASE (RTB) PROCEDURES,27
F-1,ROUTE,27
F-1,SIMULATED GUNSHOT,27
F-1,SIMULATED IR MISSILE SHOT,28
F-1,SINGLE ENGINE APPROACH/LANDING,7
F-1,SITUATIONAL AWARENESS,28
F-1,TAKEOFF (SINGLE-SHIP),27
F-1,TASK MANAGEMENT,28
F-1,TWO-SHIP FORMATION -- TACTICAL,28
F-1,VISUAL SEARCH,28
F-1,VISUAL SIGNALS,28
F-1,WEZ RECOGNITION,1
F-2,AGSM,32
F-2,ARMAMENT SWITCHOLOGY/FENCE CHK,32
F-2,BATTLE DAMAGE CHECK,31
F-2,COMMUNICATIONS,33
F-2,CROSSUNDER,31
F-2,DECISION MAKING/RISK MANAGEMENT,33
F-2,DEPARTURE,33
F-2,ECHELON,30
F-2,EMERGENCY PROCEDURES,33
F-2,ENERGY MANEUVERABILITY,1
F-2,FIGHTING WING,32
F-2,FINGERTIP,31
F-2,FLIGHT COORDINATION,33
F-2,FORMATION APPROACH (WING),1
F-2,FORMATION TAKEOFF (WING),5
F-2,FOUR-SHIP FORMATION - BASIC,10
F-2,FOUR-SHIP FORMATION - TACTICAL,13
F-2,FUEL MANAGEMENT,33
F-2,G-AWARENESS,32
F-2,G-AWARENESS TURNS,32
F-2,GROUND OPERATIONS,33
F-2,HEAT-TO-GUNS EXERCISE,30
F-2,INSTRUMENT TRAIL DEPARTURE,1
F-2,MISSED APPROACH,2
F-2,MISSION PLANNING/BRIEFING/DEBRIEFING,33
F-2,NO FLAP APPROACH/LANDING,16
F-2,NON-PRECISION APPROACH (HUD ON/OFF),4
F-2,NORMAL LANDING,33
F-2,NORMAL PATTERN,27
F-2,PENETRATION,2
F-2,PRECISION APPROACH (HUD ON/OFF),8
F-2,REJOINS,32
F-2,RETURN TO BASE (RTB) PROCEDURES,33
F-2,ROUTE,31
F-2,SIMULATED GUNSHOT,30
F-2,SIMULATED IR MISSILE SHOT,30
F-2,SINGLE ENGINE APPROACH/LANDING,14
F-2,SINGLE ENGINE GO-AROUND,1
F-2,SITUATIONAL AWARENESS,33
F-2,TAKEOFF (SINGLE-SHIP),31
F-2,TASK MANAGEMENT,33
F-2,TWO-SHIP FORMATION -- TACTICAL,32
F-2,VISUAL SEARCH,33
F-2,VISUAL SIGNALS,31
F-3,AGSM,28
F-3,ARMAMENT SWITCHOLOGY/FENCE CHK,28
F-3,BATTLE DAMAGE CHECK,27
F-3,COMMUNICATIONS,28
F-3,CROSSUNDER,15
F-3,DECISION MAKING/RISK MANAGEMENT,28
F-3,DEPARTURE,28
F-3,ECHELON,13
F-3,EMERGENCY PROCEDURES,29
F-3,FIGHTING WING,26
F-3,FINGERTIP,28
F-3,FLIGHT COORDINATION,28
F-3,FORMATION APPROACH (WING),10
F-3,FORMATION TAKEOFF (WING),14
F-3,FOUR-SHIP FORMATION - BASIC,24
F-3,FOUR-SHIP FORMATION - TACTICAL,24
F-3,FUEL MANAGEMENT,29
F-3,G-AWARENESS,28
F-3,G-AWARENESS TURNS,28
F-3,GROUND OPERATIONS,29
F-3,HEAT-TO-GUNS EXERCISE,14
F-3,INSTRUMENT TRAIL DEPARTURE,2
F-3,MISSED APPROACH,1
F-3,MISSION ANALYSIS,7
F-3,MISSION PLANNING/BRIEFING/DEBRIEFING,29
F-3,NO FLAP APPROACH/LANDING,9
F-3,NON-PRECISION APPROACH (HUD ON/OFF),1
F-3,NORMAL LANDING,27
F-3,NORMAL PATTERN,21
F-3,PENETRATION,2
F-3,PRECISION APPROACH (HUD ON/OFF),6
F-3,REJOINS,16
F-3,RETURN TO BASE (RTB) PROCEDURES,29
F-3,ROUTE,29
F-3,SIMULATED GUNSHOT,13
F-3,SIMULATED IR MISSILE SHOT,14
F-3,SINGLE ENGINE APPROACH/LANDING,4
F-3,SINGLE ENGINE GO-AROUND,1
F-3,SITUATIONAL AWARENESS,28
F-3,TAKEOFF (SINGLE-SHIP),15
F-3,TASK MANAGEMENT,28
F-3,TWO-SHIP FORMATION -- TACTICAL,28
F-3,VISUAL SEARCH,29
F-3,VISUAL SIGNALS,28
H-1,AGSM,27
H-1,ARMAMENT SWITCHOLOGY/FENCE CHK,26
H-1,BATTLE DAMAGE CHECK,3
H-1,BREAK TURN/ACCELERATED STALL,26
H-1,COMMUNICATIONS,27
H-1,DECISION MAKING/RISK MANAGEMENT,27
H-1,DEPARTURE,27
H-1,EMERGENCY PROCEDURES,27
H-1,ENERGY MANEUVERABILITY,26
H-1,FLIGHT COORDINATION,27
H-1,FORMATION APPROACH (WING),1
H-1,FUEL MANAGEMENT,27
H-1,G-AWARENESS,27
H-1,G-AWARENESS TURNS,27
H-1,GROUND OPERATIONS,27
H-1,HIGH/LOW-SPEED DIVE RECOVERY,26
H-1,MISSED APPROACH,23
H-1,MISSION ANALYSIS,8
H-1,MISSION PLANNING/BRIEFING/DEBRIEFING,27
H-1,NO FLAP APPROACH/LANDING,16
H-1,NON-PRECISION APPROACH (HUD ON/OFF),27
H-1,NORMAL LANDING,27
H-1,NORMAL PATTERN,23
H-1,PENETRATION,24
H-1,PRECISION APPROACH (HUD ON/OFF),17
H-1,REJOINS,1
H-1,RETURN TO BASE (RTB) PROCEDURES,27
H-1,SINGLE ENGINE APPROACH/LANDING,24
H-1,SINGLE ENGINE GO-AROUND,2
H-1,SINGLE-SHIP JINK EXERCISE,26
H-1,SITUATIONAL AWARENESS,27
H-1,TAKEOFF (SINGLE-SHIP),27
H-1,TASK MANAGEMENT,27
H-1,VISUAL SEARCH,25
HB-1,AGSM,25
HB-1,ARMAMENT SWITCHOLOGY/FENCE CHK,25
HB-1,BATTLE DAMAGE CHECK,21
HB-1,BUTTERFLY SETUPS,22
HB-1,COMMUNICATIONS,25
HB-1,CROSSUNDER,2
HB-1,DECISION MAKING/RISK MANAGEMENT,25
HB-1,DEPARTURE,24
HB-1,ECHELON,2
HB-1,EMERGENCY PROCEDURES,25
HB-1,FIGHT ANALYSIS,22
HB-1,FIGHTING WING,21
HB-1,FINGERTIP,22
HB-1,FLIGHT COORDINATION,25
HB-1,FORMATION TAKEOFF (WING),3
HB-1,FOUR-SHIP FORMATION - BASIC,5
HB-1,FOUR-SHIP FORMATION - TACTICAL,9
HB-1,FUEL MANAGEMENT,25
HB-1,G-AWARENESS,25
HB-1,G-AWARENESS TURNS,24
HB-1,GROUND OPERATIONS,25
HB-1,INSTRUMENT TRAIL DEPARTURE,1
HB-1,LEAD TURN EXERCISE,20
HB-1,MANEUVER MECHANICS,23
HB-1,MANEUVER SELECTION,22
HB-1,MISSED APPROACH,2
HB-1,MISSION ANALYSIS,9
HB-1,MISSION PLANNING/BRIEFING/DEBRIEFING,16
HB-1,NON-PRECISION APPROACH (HUD ON/OFF),1
HB-1,NORMAL LANDING,22
HB-1,NORMAL PATTERN,11
HB-1,PRECISION APPROACH (HUD ON/OFF),9
HB-1,REJOINS,25
HB-1,RETURN TO BASE (RTB) PROCEDURES,25
HB-1,ROUTE,24
HB-1,SIMULATED GUNSHOT,14
HB-1,SIMULATED IR MISSILE SHOT,15
HB-1,SINGLE ENGINE APPROACH/LANDING,1
HB-1,SITUATIONAL AWARENESS,25
HB-1,TAKEOFF (SINGLE-SHIP),22
HB-1,TASK MANAGEMENT,25
HB-1,TWO-SHIP FORMATION -- TACTICAL,24
HB-1,VISUAL SEARCH,25
HB-1,VISUAL SIGNALS,25
HB-1,WEZ RECOGNITION,20
HB-2,AGSM,20
HB-2,ARMAMENT SWITCHOLOGY/FENCE CHK,19
HB-2,BATTLE DAMAGE CHECK,19
HB-2,BUTTERFLY SETUPS,19
HB-2,COMMUNICATIONS,20
HB-2,CROSSUNDER,2
HB-2,DECISION MAKING/RISK MANAGEMENT,20
HB-2,DEPARTURE,19
HB-2,ECHELON,1
HB-2,EMERGENCY PROCEDURES,20
HB-2,FIGHT ANALYSIS,19
HB-2,FIGHTING WING,15
HB-2,FINGERTIP,19
HB-2,FLIGHT COORDINATION,20
HB-2,FORMATION TAKEOFF (WING),4
HB-2,FOUR-SHIP FORMATION - BASIC,3
HB-2,FOUR-SHIP FORMATION - TACTICAL,6
HB-2,FUEL MANAGEMENT,20
HB-2,G-AWARENESS,20
HB-2,G-AWARENESS TURNS,20
HB-2,GROUND OPERATIONS,20
HB-2,HIGH ANGLE GUN/SEPARATION EXERCISE,1
HB-2,INSTRUMENT TRAIL DEPARTURE,2
HB-2,LEAD TURN EXERCISE,3
HB-2,MANEUVER MECHANICS,19
HB-2,MANEUVER SELECTION,19
HB-2,MISSION ANALYSIS,6
HB-2,MISSION PLANNING/BRIEFING/DEBRIEFING,14
HB-2,NON-PRECISION APPROACH (HUD ON/OFF),2
HB-2,NORMAL LANDING,16
HB-2,NORMAL PATTERN,13
HB-2,PRECISION APPROACH (HUD ON/OFF),4
HB-2,REJOINS,18
HB-2,RETURN TO BASE (RTB) PROCEDURES,20
HB-2,ROUTE,19
HB-2,SIMULATED GUNSHOT,12
HB-2,SIMULATED IR MISSILE SHOT,10
HB-2,SINGLE ENGINE APPROACH/LANDING,2
HB-2,SITUATIONAL AWARENESS,20
HB-2,TAKEOFF (SINGLE-SHIP),16
HB-2,TASK MANAGEMENT,20
HB-2,TWO-SHIP FORMATION -- TACTICAL,19
HB-2,VISUAL SEARCH,20
HB-2,VISUAL SIGNALS,18
HB-2,WEZ RECOGNITION,18
HB-3,AGSM,1
HB-3,ARMAMENT SWITCHOLOGY/FENCE CHK,1
HB-3,BUTTERFLY SETUPS,1
HB-3,COMMUNICATIONS,1
HB-3,DECISION MAKING/RISK MANAGEMENT,1
HB-3,DEPARTURE,1
HB-3,FIGHT ANALYSIS,1
HB-3,FIGHTING WING,1
HB-3,FINGERTIP,1
HB-3,G-AWARENESS,1
HB-3,G-AWARENESS TURNS,1
HB-3,GROUND OPERATIONS,1
HB-3,MANEUVER MECHANICS,1
HB-3,MANEUVER SELECTION,1
HB-3,MISSION PLANNING/BRIEFING/DEBRIEFING,1
HB-3,NORMAL LANDING,1
HB-3,NORMAL PATTERN,1
HB-3,REJOINS,1
HB-3,RETURN TO BASE (RTB) PROCEDURES,1
HB-3,ROUTE,1
HB-3,SIMULATED IR MISSILE SHOT,1
HB-3,SITUATIONAL AWARENESS,1
HB-3,TAKEOFF (SINGLE-SHIP),1
HB-3,TASK MANAGEMENT,1
HB-3,VISUAL SEARCH,1
HB-3,WEZ RECOGNITION,1
OB-1,AGSM,29
OB-1,ARMAMENT SWITCHOLOGY/FENCE CHK,30
OB-1,BATTLE DAMAGE CHECK,29
OB-1,COMMUNICATIONS,30
OB-1,CROSSUNDER,15
OB-1,DECISION MAKING/RISK MANAGEMENT,30
OB-1,DEPARTURE,30
OB-1,ECHELON,9
OB-1,EMERGENCY PROCEDURES,30
OB-1,FIGHT ANALYSIS,28
OB-1,FIGHTING WING,23
OB-1,FINGERTIP,30
OB-1,FLIGHT COORDINATION,30
OB-1,FORMATION APPROACH (WING),1
OB-1,FORMATION TAKEOFF (WING),5
OB-1,FUEL MANAGEMENT,30
OB-1,G-AWARENESS,30
OB-1,G-AWARENESS TURNS,30
OB-1,GROUND OPERATIONS,30
OB-1,MANEUVER MECHANICS (OBFM),28
OB-1,MANEUVER SELECTION (OBFM),28
OB-1,MISSION ANALYSIS,27
OB-1,MISSION PLANNING/BRIEFING/DEBRIEFING,3
OB-1,NO FLAP APPROACH/LANDING,9
OB-1,NORMAL LANDING,29
OB-1,NORMAL PATTERN,27
OB-1,PERCH SETUPS,28
OB-1,PRECISION APPROACH (HUD ON/OFF),4
OB-1,QUARTER-PLANE EXERCISE,26
OB-1,REJOINS,30
OB-1,RETURN TO BASE (RTB) PROCEDURES,30
OB-1,ROUTE,30
OB-1,SIMULATED GUNSHOT,28
OB-1,SIMULATED IR MISSILE SHOT,24
OB-1,SINGLE ENGINE APPROACH/LANDING,1
OB-1,SITUATIONAL AWARENESS,30
OB-1,TAKEOFF (SINGLE-SHIP),25
OB-1,TASK MANAGEMENT,30
OB-1,TWO-SHIP FORMATION -- TACTICAL,30
OB-1,VISUAL SEARCH,30
OB-1,VISUAL SIGNALS,30
OB-1,WEZ RECOGNITION,28
OB-2,AGSM,31
OB-2,ARMAMENT SWITCHOLOGY/FENCE CHK,31
OB-2,BATTLE DAMAGE CHECK,30
OB-2,COMMUNICATIONS,31
OB-2,CROSSUNDER,14
OB-2,DECISION MAKING/RISK MANAGEMENT,31
OB-2,DEPARTURE,31
OB-2,ECHELON,13
OB-2,EMERGENCY PROCEDURES,31
OB-2,FIGHT ANALYSIS,30
OB-2,FIGHTING WING,29
OB-2,FINGERTIP,31
OB-2,FLIGHT COORDINATION,31
OB-2,FORMATION APPROACH (WING),25
OB-2,FORMATION TAKEOFF (WING),22
OB-2,FUEL MANAGEMENT,30
OB-2,G-AWARENESS,31
OB-2,G-AWARENESS TURNS,31
OB-2,GROUND OPERATIONS,31
OB-2,INSTRUMENT TRAIL DEPARTURE,1
OB-2,MANEUVER MECHANICS (OBFM),30
OB-2,MANEUVER SELECTION (OBFM),30
OB-2,MISSION ANALYSIS,27
OB-2,MISSION PLANNING/BRIEFING/DEBRIEFING,4
OB-2,NO FLAP APPROACH/LANDING,1
OB-2,NON-PRECISION APPROACH (HUD ON/OFF),1
OB-2,NORMAL LANDING,26
OB-2,NORMAL PATTERN,4
OB-2,PERCH SETUPS,30
OB-2,PRECISION APPROACH (HUD ON/OFF),1
OB-2,REJOINS,31
OB-2,RETURN TO BASE (RTB) PROCEDURES,31
OB-2,ROUTE,31
OB-2,SIMULATED GUNSHOT,29
OB-2,SIMULATED IR MISSILE SHOT,29
OB-2,SINGLE ENGINE APPROACH/LANDING,1
OB-2,SITUATIONAL AWARENESS,31
OB-2,TAKEOFF (SINGLE-SHIP),13
OB-2,TASK MANAGEMENT,31
OB-2,TWO-SHIP FORMATION -- TACTICAL,31
OB-2,VISUAL SEARCH,31
OB-2,VISUAL SIGNALS,31
OB-2,WEZ RECOGNITION,30
OB-3,AGSM,22
OB-3,ARMAMENT SWITCHOLOGY/FENCE CHK,22
OB-3,BATTLE DAMAGE CHECK,20
OB-3,COMMUNICATIONS,22
OB-3,CROSSUNDER,19
OB-3,DECISION MAKING/RISK MANAGEMENT,22
OB-3,DEPARTURE,22
OB-3,ECHELON,16
OB-3,EMERGENCY PROCEDURES,22
OB-3,FIGHT ANALYSIS,22
OB-3,FIGHTING WING,20
OB-3,FINGERTIP,21
OB-3,FLIGHT COORDINATION,22
OB-3,FORMATION APPROACH (WING),16
OB-3,FORMATION TAKEOFF (WING),17
OB-3,FOUR-SHIP FORMATION - BASIC,6
OB-3,FOUR-SHIP FORMATION - TACTICAL,8
OB-3,FUEL MANAGEMENT,22
OB-3,G-AWARENESS,22
OB-3,G-AWARENESS TURNS,22
OB-3,GROUND OPERATIONS,22
OB-3,INSTRUMENT TRAIL DEPARTURE,1
OB-3,MANEUVER MECHANICS (OBFM),22
OB-3,MANEUVER SELECTION (OBFM),22
OB-3,MISSION ANALYSIS,19
OB-3,MISSION PLANNING/BRIEFING/DEBRIEFING,3
OB-3,NO FLAP APPROACH/LANDING,2
OB-3,NON-PRECISION APPROACH (HUD ON/OFF),1
OB-3,NORMAL LANDING,19
OB-3,NORMAL PATTERN,5
OB-3,PERCH SETUPS,22
OB-3,PRECISION APPROACH (HUD ON/OFF),4
OB-3,REJOINS,22
OB-3,RETURN TO BASE (RTB) PROCEDURES,22
OB-3,ROUTE,20
OB-3,SIMULATED GUNSHOT,22
OB-3,SIMULATED IR MISSILE SHOT,22
OB-3,SINGLE ENGINE APPROACH/LANDING,1
OB-3,SITUATIONAL AWARENESS,22
OB-3,TAKEOFF (SINGLE-SHIP),7
OB-3,TASK MANAGEMENT,22
OB-3,TWO-SHIP FORMATION -- TACTICAL,22
OB-3,VISUAL SEARCH,22
OB-3,VISUAL SIGNALS,21
OB-3,WEZ RECOGNITION,22
OB-4,AGSM,20
OB-4,ARMAMENT SWITCHOLOGY/FENCE CHK,20
OB-4,BATTLE DAMAGE CHECK,19
OB-4,COMMUNICATIONS,21
OB-4,CROSSUNDER,17
OB-4,DECISION MAKING/RISK MANAGEMENT,21
OB-4,DEPARTURE,21
OB-4,ECHELON,11
OB-4,EMERGENCY PROCEDURES,21
OB-4,FIGHT ANALYSIS,20
OB-4,FIGHTING WING,17
OB-4,FINGERTIP,21
OB-4,FLIGHT COORDINATION,21
OB-4,FORMATION APPROACH (WING),2
OB-4,FORMATION TAKEOFF (WING),6
OB-4,FOUR-SHIP FORMATION - BASIC,4
OB-4,FOUR-SHIP FORMATION - TACTICAL,4
OB-4,FUEL MANAGEMENT,21
OB-4,G-AWARENESS,20
OB-4,G-AWARENESS TURNS,20
OB-4,GROUND OPERATIONS,21
OB-4,MANEUVER MECHANICS (OBFM),20
OB-4,MANEUVER SELECTION (OBFM),20
OB-4,MISSION ANALYSIS,18
OB-4,MISSION PLANNING/BRIEFING/DEBRIEFING,3
OB-4,NON-PRECISION APPROACH (HUD ON/OFF),1
OB-4,NORMAL LANDING,19
OB-4,NORMAL PATTERN,16
OB-4,PERCH SETUPS,20
OB-4,PRECISION APPROACH (HUD ON/OFF),3
OB-4,REJOINS,21
OB-4,RETURN TO BASE (RTB) PROCEDURES,21
OB-4,ROUTE,20
OB-4,SIMULATED GUNSHOT,20
OB-4,SIMULATED IR MISSILE SHOT,20
OB-4,SINGLE ENGINE APPROACH/LANDING,1
OB-4,SITUATIONAL AWARENESS,21
OB-4,TAKEOFF (SINGLE-SHIP),15
OB-4,TASK MANAGEMENT,21
OB-4,TWO-SHIP FORMATION -- TACTICAL,21
OB-4,VISUAL SEARCH,21
OB-4,VISUAL SIGNALS,20
OB-4,WEZ RECOGNITION,20
S-1,AGSM,24
S-1,ARMAMENT SWITCHOLOGY/FENCE CHK,25
S-1,BATTLE DAMAGE CHECK,22
S-1,CLIMBING SAFE-ESCAPE MANEUVER (CSEM),21
S-1,COMMUNICATIONS,25
S-1,CONVENTIONAL 10-DEGREE LAHD,20
S-1,CONVENTIONAL 20-DEGREE LALD,19
S-1,CONVENTIONAL 30-DEGREE DB,18
S-1,CONVENTIONAL/TAC RANGE PROC/PATTERNS,25
S-1,CROSSUNDER,2
S-1,DECISION MAKING/RISK MANAGEMENT,25
S-1,DEPARTURE,25
S-1,ECHELON,2
S-1,EMERGENCY PROCEDURES,25
S-1,ERROR ANALYSIS,24
S-1,FIGHTING WING,11
S-1,FINGERTIP,24
S-1,FLIGHT COORDINATION,25
S-1,FORMATION APPROACH (WING),2
S-1,FOUR-SHIP FORMATION - BASIC,8
S-1,FOUR-SHIP FORMATION - TACTICAL,13
S-1,FUEL MANAGEMENT,25
S-1,G-AWARENESS,24
S-1,G-AWARENESS TURNS,19
S-1,GROUND OPERATIONS,25
S-1,HIGH ANGLE STRAFE (HAS),17
S-1,MISSION PLANNING/BRIEFING/DEBRIEFING,25
S-1,NO FLAP APPROACH/LANDING,1
S-1,NON-PRECISION APPROACH (HUD ON/OFF),4
S-1,NORMAL LANDING,22
S-1,NORMAL PATTERN,15
S-1,PRECISION APPROACH (HUD ON/OFF),5
S-1,REJOINS,24
S-1,RETURN TO BASE (RTB) PROCEDURES,25
S-1,ROUTE,24
S-1,SAFE ESCAPE MANEUVER,4
S-1,SINGLE ENGINE APPROACH/LANDING,1
S-1,SINGLE ENGINE GO-AROUND,1
S-1,SITUATIONAL AWARENESS,25
S-1,TAKEOFF (SINGLE-SHIP),25
S-1,TASK MANAGEMENT,25
S-1,TWO-SHIP FORMATION -- TACTICAL,21
S-1,VISUAL SEARCH,25
S-1,VISUAL SIGNALS,23
S-1,WEAPONS DELIVERY EVENTS/PARAMETERS,4
S-2,AGSM,25
S-2,ARMAMENT SWITCHOLOGY/FENCE CHK,25
S-2,BATTLE DAMAGE CHECK,24
S-2,CLIMBING SAFE-ESCAPE MANEUVER (CSEM),20
S-2,COMMUNICATIONS,25
S-2,CONVENTIONAL 10-DEGREE LAHD,20
S-2,CONVENTIONAL 20-DEGREE LALD,20
S-2,CONVENTIONAL 30-DEGREE DB,18
S-2,CONVENTIONAL/TAC RANGE PROC/PATTERNS,25
S-2,CROSSUNDER,2
S-2,DECISION MAKING/RISK MANAGEMENT,25
S-2,DEPARTURE,25
S-2,ECHELON,2
S-2,EMERGENCY PROCEDURES,25
S-2,ERROR ANALYSIS,24
S-2,FIGHTING WING,13
S-2,FINGERTIP,24
S-2,FLIGHT COORDINATION,25
S-2,FORMATION APPROACH (WING),1
S-2,FORMATION TAKEOFF (WING),2
S-2,FOUR-SHIP FORMATION - BASIC,10
S-2,FOUR-SHIP FORMATION - TACTICAL,14
S-2,FUEL MANAGEMENT,25
S-2,G-AWARENESS,25
S-2,G-AWARENESS TURNS,21
S-2,GROUND OPERATIONS,25
S-2,HIGH ANGLE STRAFE (HAS),18
S-2,LOST WINGMAN PROCEDURES,1
S-2,MISSION PLANNING/BRIEFING/DEBRIEFING,25
S-2,NON-PRECISION APPROACH (HUD ON/OFF),1
S-2,NORMAL LANDING,22
S-2,NORMAL PATTERN,20
S-2,PRECISION APPROACH (HUD ON/OFF),2
S-2,REJOINS,25
S-2,RETURN TO BASE (RTB) PROCEDURES,25
S-2,ROUTE,23
S-2,SAFE ESCAPE MANEUVER,5
S-2,SITUATIONAL AWARENESS,25
S-2,TAKEOFF (SINGLE-SHIP),23
S-2,TASK MANAGEMENT,25
S-2,TWO-SHIP FORMATION -- TACTICAL,20
S-2,VISUAL SEARCH,24
S-2,VISUAL SIGNALS,23
S-2,WEAPONS DELIVERY EVENTS/PARAMETERS,5
S-3,10 DEGREE LAHD POPUP,24
S-3,20 DEGREE LALD POPUP,17
S-3,AGSM,28
S-3,ARMAMENT SWITCHOLOGY/FENCE CHK,28
S-3,BATTLE DAMAGE CHECK,24
S-3,CLIMBING SAFE-ESCAPE MANEUVER (CSEM),17
S-3,COMMUNICATIONS,28
S-3,CONVENTIONAL/TAC RANGE PROC/PATTERNS,3
S-3,CROSSUNDER,2
S-3,DECISION MAKING/RISK MANAGEMENT,28
S-3,DEPARTURE,28
S-3,ECHELON,1
S-3,EMERGENCY PROCEDURES,28
S-3,ERROR ANALYSIS,28
S-3,FIGHTING WING,13
S-3,FINGERTIP,25
S-3,FLIGHT COORDINATION,28
S-3,FORMATION APPROACH (WING),1
S-3,FORMATION TAKEOFF (WING),2
S-3,FOUR-SHIP FORMATION - BASIC,8
S-3,FOUR-SHIP FORMATION - TACTICAL,13
S-3,FUEL MANAGEMENT,27
S-3,G-AWARENESS,27
S-3,G-AWARENESS TURNS,18
S-3,GROUND OPERATIONS,28
S-3,LEVEL DELIVERY,25
S-3,LEVEL TURNING MANEUVER,25
S-3,LEVEL/POPUP RANGE,25
S-3,LONG RANGE STRAFE,22
S-3,MISSION PLANNING/BRIEFING/DEBRIEFING,28
S-3,NON-PRECISION APPROACH (HUD ON/OFF),8
S-3,NORMAL LANDING,25
S-3,NORMAL PATTERN,14
S-3,PRECISION APPROACH (HUD ON/OFF),7
S-3,REJOINS,28
S-3,RETURN TO BASE (RTB) PROCEDURES,28
S-3,ROUTE,28
S-3,SAFE ESCAPE MANEUVER,3
S-3,SITUATIONAL AWARENESS,28
S-3,TAKEOFF (SINGLE-SHIP),25
S-3,TASK MANAGEMENT,28
S-3,TWO-SHIP FORMATION -- TACTICAL,25
S-3,VISUAL SEARCH,28
S-3,VISUAL SIGNALS,27
S-3,WEAPONS DELIVERY EVENTS/PARAMETERS,3
S-4,10 DEGREE LAHD POPUP,24
S-4,20 DEGREE LALD POPUP,21
S-4,AGSM,28
S-4,ARMAMENT SWITCHOLOGY/FENCE CHK,29
S-4,BATTLE DAMAGE CHECK,26
S-4,CLIMBING SAFE-ESCAPE MANEUVER (CSEM),5
S-4,COMMUNICATIONS,31
S-4,CONVENTIONAL 10-DEGREE LAHD,2
S-4,CONVENTIONAL 20-DEGREE LALD,2
S-4,CONVENTIONAL/TAC RANGE PROC/PATTERNS,13
S-4,CROSSUNDER,3
S-4,DECISION MAKING/RISK MANAGEMENT,30
S-4,DEPARTURE,32
S-4,ECHELON,2
S-4,EMERGENCY PROCEDURES,32
S-4,ERROR ANALYSIS,9
S-4,FIGHTING WING,19
S-4,FINGERTIP,28
S-4,FLIGHT COORDINATION,30
S-4,FORMATION APPROACH (WING),1
S-4,FORMATION TAKEOFF (WING),4
S-4,FOUR-SHIP FORMATION - BASIC,16
S-4,FOUR-SHIP FORMATION - TACTICAL,19
S-4,FUEL MANAGEMENT,30
S-4,G-AWARENESS,28
S-4,G-AWARENESS TURNS,22
S-4,GROUND OPERATIONS,32
S-4,INSTRUMENT TRAIL DEPARTURE,2
S-4,LEVEL DELIVERY,22
S-4,LEVEL TURNING MANEUVER,6
S-4,LEVEL/POPUP RANGE,23
S-4,LONG RANGE STRAFE,23
S-4,MISSED APPROACH,1
S-4,MISSION PLANNING/BRIEFING/DEBRIEFING,31
S-4,NON-PRECISION APPROACH (HUD ON/OFF),2
S-4,NORMAL LANDING,27
S-4,NORMAL PATTERN,25
S-4,PRECISION APPROACH (HUD ON/OFF),5
S-4,REJOINS,27
S-4,RETURN TO BASE (RTB) PROCEDURES,32
S-4,ROUTE,27
S-4,SAFE ESCAPE MANEUVER,3
S-4,SITUATIONAL AWARENESS,30
S-4,TAKEOFF (SINGLE-SHIP),28
S-4,TASK MANAGEMENT,31
S-4,TWO-SHIP FORMATION -- TACTICAL,22
S-4,VISUAL SEARCH,31
S-4,VISUAL SIGNALS,29
S-4,WEAPONS DELIVERY EVENTS/PARAMETERS,3
SAT-1,AGSM,21
SAT-1,ARMAMENT SWITCHOLOGY/FENCE CHK,27
SAT-1,BASIC RANGE PROCEDURES AND PATTERNS,11
SAT-1,BATTLE DAMAGE CHECK,23
SAT-1,COMMUNICATIONS,27
SAT-1,CROSSUNDER,2
SAT-1,DECISION MAKING/RISK MANAGEMENT,27
SAT-1,DEPARTURE,27
SAT-1,EMERGENCY PROCEDURES,27
SAT-1,FIGHTING WING,20
SAT-1,FINGERTIP,26
SAT-1,FLIGHT COORDINATION,27
SAT-1,FORMATION TAKEOFF (WING),4
SAT-1,FOUR-SHIP FORMATION - BASIC,1
SAT-1,FUEL MANAGEMENT,27
SAT-1,G-AWARENESS,20
SAT-1,G-AWARENESS TURNS,10
SAT-1,GROUND OPERATIONS,27
SAT-1,INSTRUMENT TRAIL DEPARTURE,1
SAT-1,MISSED APPROACH,2
SAT-1,MISSION PLANNING/BRIEFING/DEBRIEFING,27
SAT-1,NON-PRECISION APPROACH (HUD ON/OFF),5
SAT-1,NORMAL LANDING,27
SAT-1,NORMAL PATTERN,12
SAT-1,PENETRATION,1
SAT-1,PRECISION APPROACH (HUD ON/OFF),17
SAT-1,REJOINS,25
SAT-1,RETURN TO BASE (RTB) PROCEDURES,26
SAT-1,ROUTE,25
SAT-1,SAFE ESCAPE MANEUVER,21
SAT-1,SITUATIONAL AWARENESS,27
SAT-1,TACS/JFIRE PROCEDURES,20
SAT-1,TAKEOFF (SINGLE-SHIP),23
SAT-1,TASK MANAGEMENT,27
SAT-1,THREAT REACTIONS,21
SAT-1,TWO-SHIP FORMATION -- TACTICAL,26
SAT-1,TWO-SHIP MUTUAL SUPPORT,25
SAT-1,VISUAL SEARCH,27
SAT-1,VISUAL SIGNALS,26
SAT-1,WEAPONS EMPLOYMENT,24
SAT-2,AGSM,3
SAT-2,ARMAMENT SWITCHOLOGY/FENCE CHK,3
SAT-2,BASIC RANGE PROCEDURES AND PATTERNS,1
SAT-2,BATTLE DAMAGE CHECK,2
SAT-2,COMMUNICATIONS,3
SAT-2,DECISION MAKING/RISK MANAGEMENT,3
SAT-2,DEPARTURE,3
SAT-2,EMERGENCY PROCEDURES,3
SAT-2,FIGHTING WING,2
SAT-2,FINGERTIP,2
SAT-2,FLIGHT COORDINATION,3
SAT-2,FUEL MANAGEMENT,3
SAT-2,G-AWARENESS,3
SAT-2,G-AWARENESS TURNS,1
SAT-2,GROUND OPERATIONS,3
SAT-2,MISSION PLANNING/BRIEFING/DEBRIEFING,3
SAT-2,NORMAL LANDING,3
SAT-2,NORMAL PATTERN,2
SAT-2,PRECISION APPROACH (HUD ON/OFF),1
SAT-2,REJOINS,3
SAT-2,RETURN TO BASE (RTB) PROCEDURES,3
SAT-2,ROUTE,3
SAT-2,SAFE ESCAPE MANEUVER,3
SAT-2,SITUATIONAL AWARENESS,3
SAT-2,TACS/JFIRE PROCEDURES,2
SAT-2,TAKEOFF (SINGLE-SHIP),3
SAT-2,TASK MANAGEMENT,3
SAT-2,THREAT REACTIONS,2
SAT-2,TWO-SHIP FORMATION -- TACTICAL,3
SAT-2,TWO-SHIP MUTUAL SUPPORT,3
SAT-2,VISUAL SEARCH,3
SAT-2,VISUAL SIGNALS,3
SAT-2,WEAPONS EMPLOYMENT,3
