SYL_EVNT_NAME_NM,SYL_EVNT_ITM_NAME_NM,ITEM_GRADE_QY
ACM-1,ACM SETUPS,1.5
ACM-1,AGSM,2.0
ACM-1,ARMAMENT SWITCHOLOGY/FENCE CHK,2.5
ACM-1,BATTLE DAMAGE CHECK,2.5
ACM-1,COMMUNICATIONS,2.5
ACM-1,DECISION MAKING/RISK MANAGEMENT,2.0
ACM-1,DEPARTURE,3.0
ACM-1,EMERGENCY PROCEDURES,3.0
ACM-1,ENGAGED / SUPPORT MANEUVERING,1.5
ACM-1,FIGHTING WING,3.0
ACM-1,FINGERTIP,2.5
ACM-1,FLIGHT COORDINATION,2.5
ACM-1,FOUR-SHIP FORMATION - BASIC,3.0
ACM-1,FOUR-SHIP FORMATION - TACTICAL,2.5
ACM-1,FUEL MANAGEMENT,3.0
ACM-1,G-AWARENESS,2.5
ACM-1,G-AWARENESS TURNS,2.5
ACM-1,GROUND OPERATIONS,3.0
ACM-1,MISSION PLANNING/BRIEFING/DEBRIEFING,3.0
ACM-1,MUTUAL SUPPORT COMMUNICATION (3-1),2.0
ACM-1,NON-PRECISION APPROACH (HUD ON/OFF),2.0
ACM-1,NORMAL LANDING,2.5
ACM-1,NORMAL PATTERN,2.5
ACM-1,REJOINS,2.0
ACM-1,RETURN TO BASE (RTB) PROCEDURES,2.5
ACM-1,ROLE ESTABLISHMENT/CONTRACT EXECUTION,2.0
ACM-1,ROUTE,2.5
ACM-1,SITUATIONAL AWARENESS,2.5
ACM-1,TAKEOFF (SINGLE-SHIP),3.0
ACM-1,TASK MANAGEMENT,2.0
ACM-1,TWO-SHIP FORMATION -- TACTICAL,3.0
ACM-1,VISUAL SEARCH,2.5
ACM-1,VISUAL SIGNALS,2.0
ACM-1,WEAPONS EMPLOYMENT,1.5
ACM-2,ACM SETUPS,3.0
ACM-2,AGSM,3.0
ACM-2,ARMAMENT SWITCHOLOGY/FENCE CHK,3.0
ACM-2,BATTLE DAMAGE CHECK,3.0
ACM-2,COMMUNICATIONS,3.0
ACM-2,DECISION MAKING/RISK MANAGEMENT,3.0
ACM-2,DEPARTURE,3.0
ACM-2,EMERGENCY PROCEDURES,3.0
ACM-2,ENGAGED / SUPPORT MANEUVERING,3.0
ACM-2,FINGERTIP,3.0
ACM-2,FLIGHT COORDINATION,3.0
ACM-2,FOUR-SHIP FORMATION - BASIC,3.0
ACM-2,FOUR-SHIP FORMATION - TACTICAL,3.0
ACM-2,FUEL MANAGEMENT,3.0
ACM-2,G-AWARENESS,3.0
ACM-2,G-AWARENESS TURNS,3.0
ACM-2,GROUND OPERATIONS,2.0
ACM-2,MISSION PLANNING/BRIEFING/DEBRIEFING,3.0
ACM-2,MUTUAL SUPPORT COMMUNICATION (3-1),3.0
ACM-2,NORMAL LANDING,3.0
ACM-2,NORMAL PATTERN,3.0
ACM-2,REJOINS,3.0
ACM-2,RETURN TO BASE (RTB) PROCEDURES,3.0
ACM-2,ROLE ESTABLISHMENT/CONTRACT EXECUTION,3.0
ACM-2,ROUTE,3.0
ACM-2,SITUATIONAL AWARENESS,3.0
ACM-2,TAKEOFF (SINGLE-SHIP),2.0
ACM-2,TASK MANAGEMENT,3.0
ACM-2,TWO-SHIP FORMATION -- TACTICAL,3.0
ACM-2,VISUAL SEARCH,4.0
ACM-2,VISUAL SIGNALS,2.0
ACM-2,WEAPONS EMPLOYMENT,3.0
CAS-1,AGSM,2.0625
CAS-1,ARMAMENT SWITCHOLOGY/FENCE CHK,2.1875
CAS-1,BASIC RANGE PROCEDURES AND PATTERNS,2.0
CAS-1,BATTLE DAMAGE CHECK,2.0714285714285716
CAS-1,COMMUNICATIONS,2.1875
CAS-1,CONVENTIONAL/TAC RANGE PROC/PATTERNS,2.0
CAS-1,CROSSUNDER,2.0
CAS-1,DECISION MAKING/RISK MANAGEMENT,2.125
CAS-1,DEPARTURE,2.25
CAS-1,ECHELON,2.0
CAS-1,EMERGENCY PROCEDURES,3.0
CAS-1,ERROR ANALYSIS,2.0
CAS-1,FIGHTING WING,2.0
CAS-1,FINGERTIP,2.066666666666667
CAS-1,FLIGHT COORDINATION,2.1875
CAS-1,FORMATION APPROACH (WING),2.0
CAS-1,FORMATION TAKEOFF (WING),2.0
CAS-1,FOUR-SHIP FORMATION - BASIC,2.0
CAS-1,FOUR-SHIP FORMATION - TACTICAL,1.0
CAS-1,FUEL MANAGEMENT,2.25
CAS-1,G-AWARENESS,2.0625
CAS-1,G-AWARENESS TURNS,2.0
CAS-1,GROUND OPERATIONS,2.25
CAS-1,INSTRUMENT TRAIL DEPARTURE,2.0
CAS-1,LOST WINGMAN PROCEDURES,2.0
CAS-1,MISSED APPROACH,2.0
CAS-1,MISSION PLANNING/BRIEFING/DEBRIEFING,2.25
CAS-1,NO FLAP APPROACH/LANDING,2.0
CAS-1,NON-PRECISION APPROACH (HUD ON/OFF),2.0
CAS-1,NORMAL LANDING,2.125
CAS-1,NORMAL PATTERN,2.1333333333333333
CAS-1,PENETRATION,2.0
CAS-1,PRECISION APPROACH (HUD ON/OFF),2.0
CAS-1,REJOINS,2.0625
CAS-1,RETURN TO BASE (RTB) PROCEDURES,2.25
CAS-1,ROUTE,2.066666666666667
CAS-1,SAFE ESCAPE MANEUVER,2.1052631578947367
CAS-1,SINGLE ENGINE APPROACH/LANDING,2.0
CAS-1,SINGLE ENGINE GO-AROUND,2.0
CAS-1,SITUATIONAL AWARENESS,2.0
CAS-1,TACS/JFIRE PROCEDURES,2.0
CAS-1,TAKEOFF (SINGLE-SHIP),2.25
CAS-1,TASK MANAGEMENT,2.0625
CAS-1,THREAT REACTIONS,2.0
CAS-1,TWO-SHIP FORMATION -- TACTICAL,2.0625
CAS-1,TWO-SHIP MUTUAL SUPPORT,2.1875
CAS-1,VISUAL SEARCH,2.1875
CAS-1,VISUAL SIGNALS,2.125
CAS-1,WEAPONS DELIVERY EVENTS/PARAMETERS,2.0
CAS-1,WEAPONS EMPLOYMENT,2.0
CAS-2,AGSM,2.0
CAS-2,ARMAMENT SWITCHOLOGY/FENCE CHK,2.0
CAS-2,BATTLE DAMAGE CHECK,2.0
CAS-2,COMMUNICATIONS,2.0
CAS-2,CROSSUNDER,2.0
CAS-2,DECISION MAKING/RISK MANAGEMENT,2.0
CAS-2,DEPARTURE,2.0
CAS-2,ECHELON,2.0
CAS-2,EMERGENCY PROCEDURES,3.0
CAS-2,FIGHTING WING,2.0
CAS-2,FINGERTIP,2.0
CAS-2,FLIGHT COORDINATION,2.0
CAS-2,FUEL MANAGEMENT,2.0
CAS-2,G-AWARENESS,2.0
CAS-2,G-AWARENESS TURNS,2.0
CAS-2,GROUND OPERATIONS,2.0
CAS-2,INSTRUMENT TRAIL DEPARTURE,2.0
CAS-2,MISSION PLANNING/BRIEFING/DEBRIEFING,2.5
CAS-2,NON-PRECISION APPROACH (HUD ON/OFF),2.0
CAS-2,NORMAL LANDING,2.0
CAS-2,NORMAL PATTERN,2.0
CAS-2,PENETRATION,2.0
CAS-2,PRECISION APPROACH (HUD ON/OFF),2.0
CAS-2,REJOINS,2.0
CAS-2,RETURN TO BASE (RTB) PROCEDURES,2.0
CAS-2,ROUTE,1.0
CAS-2,SITUATIONAL AWARENESS,2.0
CAS-2,TACS/JFIRE PROCEDURES,2.0
CAS-2,TAKEOFF (SINGLE-SHIP),2.0
CAS-2,TASK MANAGEMENT,1.5
CAS-2,TWO-SHIP FORMATION -- TACTICAL,2.0
CAS-2,TWO-SHIP MUTUAL SUPPORT,2.0
CAS-2,VISUAL SEARCH,2.0
CAS-2,VISUAL SIGNALS,2.0
DB-1,AGSM,2.0
DB-1,ARMAMENT SWITCHOLOGY/FENCE CHK,1.935483870967742
DB-1,BATTLE DAMAGE CHECK,2.0
DB-1,COMMUNICATIONS,1.625
DB-1,CROSSUNDER,2.0
DB-1,DECISION MAKING/RISK MANAGEMENT,1.5806451612903225
DB-1,DEFENSIVE RANGING/PURSUIT CURVE EXERCISE,1.2916666666666667
DB-1,DEPARTURE,1.8709677419354838
DB-1,ECHELON,2.0
DB-1,EMERGENCY PROCEDURES,3.0
DB-1,FIGHT ANALYSIS,0.9629629629629629
DB-1,FIGHTING WING,1.896551724137931
DB-1,FINGERTIP,2.033333333333333
DB-1,FLIGHT COORDINATION,1.625
DB-1,FORMATION APPROACH (WING),2.0
DB-1,FORMATION TAKEOFF (WING),2.0
DB-1,FOUR-SHIP FORMATION - BASIC,2.1
DB-1,FOUR-SHIP FORMATION - TACTICAL,1.8666666666666667
DB-1,FUEL MANAGEMENT,2.066666666666667
DB-1,G-AWARENESS,1.9333333333333333
DB-1,G-AWARENESS TURNS,2.0
DB-1,GROUND OPERATIONS,2.03125
DB-1,LOST WINGMAN PROCEDURES,2.0
DB-1,MANEUVER MECHANICS,0.88
DB-1,MANEUVER MECHANICS (OBFM),1.0
DB-1,MANEUVER SELECTION,1.125
DB-1,MANEUVER SELECTION (OBFM),0.6666666666666666
DB-1,MISSED APPROACH,2.0
DB-1,MISSION ANALYSIS,2.1818181818181817
DB-1,MISSION PLANNING/BRIEFING/DEBRIEFING,2.25
DB-1,NON-PRECISION APPROACH (HUD ON/OFF),2.0
DB-1,NORMAL LANDING,2.033333333333333
DB-1,NORMAL PATTERN,2.076923076923077
DB-1,PERCH SETUPS,1.1071428571428572
DB-1,PRECISION APPROACH (HUD ON/OFF),2.0
DB-1,REJOINS,1.967741935483871
DB-1,RETURN TO BASE (RTB) PROCEDURES,2.03125
DB-1,REVERSAL / SCISSORS EXERCISE,1.28
DB-1,ROUTE,2.0
DB-1,SINGLE ENGINE APPROACH/LANDING,2.0
DB-1,SITUATIONAL AWARENESS,1.40625
DB-1,TAKEOFF (SINGLE-SHIP),2.12
DB-1,TASK MANAGEMENT,1.4375
DB-1,TWO-SHIP FORMATION -- TACTICAL,1.8064516129032258
DB-1,VISUAL SEARCH,1.903225806451613
DB-1,VISUAL SIGNALS,1.967741935483871
DB-1,WEZ RECOGNITION,1.0
DB-2,AGSM,2.0
DB-2,ARMAMENT SWITCHOLOGY/FENCE CHK,1.9333333333333333
DB-2,BATTLE DAMAGE CHECK,2.033333333333333
DB-2,COMMUNICATIONS,1.7666666666666666
DB-2,CROSSUNDER,2.0
DB-2,DECISION MAKING/RISK MANAGEMENT,1.6
DB-2,DEPARTURE,1.896551724137931
DB-2,ECHELON,2.0
DB-2,EMERGENCY PROCEDURES,3.0
DB-2,FIGHT ANALYSIS,1.2
DB-2,FIGHTING WING,1.9310344827586208
DB-2,FINGERTIP,2.0
DB-2,FLIGHT COORDINATION,1.7
DB-2,FORMATION APPROACH (WING),2.0
DB-2,FORMATION TAKEOFF (WING),2.5
DB-2,FOUR-SHIP FORMATION - BASIC,2.1
DB-2,FOUR-SHIP FORMATION - TACTICAL,1.9333333333333333
DB-2,FUEL MANAGEMENT,1.8666666666666667
DB-2,G-AWARENESS,1.9333333333333333
DB-2,G-AWARENESS TURNS,2.033333333333333
DB-2,GROUND OPERATIONS,2.1
DB-2,INSTRUMENT TRAIL DEPARTURE,2.0
DB-2,JINK EXERCISE,1.28
DB-2,MANEUVER MECHANICS,1.0769230769230769
DB-2,MANEUVER MECHANICS (OBFM),1.0
DB-2,MANEUVER SELECTION,1.2692307692307692
DB-2,MANEUVER SELECTION (OBFM),1.0
DB-2,MISSION ANALYSIS,2.5
DB-2,MISSION PLANNING/BRIEFING/DEBRIEFING,2.25
DB-2,NO FLAP APPROACH/LANDING,2.0
DB-2,NON-PRECISION APPROACH (HUD ON/OFF),2.0
DB-2,NORMAL LANDING,1.84
DB-2,NORMAL PATTERN,2.0
DB-2,PENETRATION,2.0
DB-2,PERCH SETUPS,1.3214285714285714
DB-2,PRECISION APPROACH (HUD ON/OFF),2.0
DB-2,REJOINS,1.96
DB-2,RETURN TO BASE (RTB) PROCEDURES,2.033333333333333
DB-2,ROUTE,2.0
DB-2,SIMULATED GUNSHOT,2.0
DB-2,SIMULATED IR MISSILE SHOT,2.0
DB-2,SINGLE ENGINE APPROACH/LANDING,2.0
DB-2,SITUATIONAL AWARENESS,1.4
DB-2,TAKEOFF (SINGLE-SHIP),2.0714285714285716
DB-2,TASK MANAGEMENT,1.4666666666666666
DB-2,TWO-SHIP FORMATION -- TACTICAL,1.8333333333333333
DB-2,VISUAL SEARCH,1.9666666666666666
DB-2,VISUAL SIGNALS,2.0
DB-2,WEZ RECOGNITION,1.1
DB-3,AGSM,2.0344827586206895
DB-3,ARMAMENT SWITCHOLOGY/FENCE CHK,2.0344827586206895
DB-3,BATTLE DAMAGE CHECK,2.037037037037037
DB-3,COMMUNICATIONS,1.8620689655172413
DB-3,CROSSUNDER,2.0
DB-3,DECISION MAKING/RISK MANAGEMENT,1.793103448275862
DB-3,DEPARTURE,2.0357142857142856
DB-3,ECHELON,2.0
DB-3,EMERGENCY PROCEDURES,3.0
DB-3,FIGHT ANALYSIS,1.3448275862068966
DB-3,FIGHTING WING,2.037037037037037
DB-3,FINGERTIP,2.0344827586206895
DB-3,FLIGHT COORDINATION,1.8620689655172413
DB-3,FORMATION APPROACH (WING),2.0
DB-3,FORMATION TAKEOFF (WING),3.0
DB-3,FOUR-SHIP FORMATION - BASIC,2.0
DB-3,FOUR-SHIP FORMATION - TACTICAL,1.5384615384615385
DB-3,FUEL MANAGEMENT,1.9655172413793103
DB-3,G-AWARENESS,2.0
DB-3,G-AWARENESS TURNS,2.103448275862069
DB-3,GROUND OPERATIONS,2.1379310344827585
DB-3,MANEUVER MECHANICS,1.24
DB-3,MANEUVER MECHANICS (OBFM),1.25
DB-3,MANEUVER SELECTION,1.4
DB-3,MANEUVER SELECTION (OBFM),1.5
DB-3,MISSED APPROACH,2.0
DB-3,MISSION PLANNING/BRIEFING/DEBRIEFING,2.2758620689655173
DB-3,NO FLAP APPROACH/LANDING,2.0
DB-3,NON-PRECISION APPROACH (HUD ON/OFF),2.0
DB-3,NORMAL LANDING,2.0
DB-3,NORMAL PATTERN,1.9166666666666667
DB-3,PERCH SETUPS,1.4827586206896552
DB-3,PRECISION APPROACH (HUD ON/OFF),2.1818181818181817
DB-3,REJOINS,2.0
DB-3,RETURN TO BASE (RTB) PROCEDURES,2.0344827586206895
DB-3,ROUTE,2.0344827586206895
DB-3,SINGLE ENGINE APPROACH/LANDING,2.0
DB-3,SITUATIONAL AWARENESS,1.6206896551724137
DB-3,TAKEOFF (SINGLE-SHIP),2.107142857142857
DB-3,TASK MANAGEMENT,1.793103448275862
DB-3,TWO-SHIP FORMATION -- TACTICAL,1.896551724137931
DB-3,VISUAL SEARCH,1.9655172413793103
DB-3,VISUAL SIGNALS,2.0344827586206895
DB-3,WEZ RECOGNITION,1.3793103448275863
DB-4,AGSM,2.0689655172413794
DB-4,ARMAMENT SWITCHOLOGY/FENCE CHK,2.0689655172413794
DB-4,BATTLE DAMAGE CHECK,2.074074074074074
DB-4,COMMUNICATIONS,2.0689655172413794
DB-4,CROSSUNDER,2.0
DB-4,DECISION MAKING/RISK MANAGEMENT,2.1724137931034484
DB-4,DEPARTURE,2.1724137931034484
DB-4,ECHELON,2.0
DB-4,EMERGENCY PROCEDURES,2.9655172413793105
DB-4,FIGHT ANALYSIS,2.0357142857142856
DB-4,FIGHTING WING,2.12
DB-4,FINGERTIP,2.111111111111111
DB-4,FLIGHT COORDINATION,2.1379310344827585
DB-4,FORMATION TAKEOFF (WING),2.142857142857143
DB-4,FOUR-SHIP FORMATION - BASIC,2.0
DB-4,FOUR-SHIP FORMATION - TACTICAL,2.2
DB-4,FUEL MANAGEMENT,2.103448275862069
DB-4,G-AWARENESS,1.9310344827586208
DB-4,G-AWARENESS TURNS,2.1724137931034484
DB-4,GROUND OPERATIONS,2.2413793103448274
DB-4,INSTRUMENT TRAIL DEPARTURE,2.0
DB-4,JINK EXERCISE,1.0
DB-4,LOST WINGMAN PROCEDURES,2.0
DB-4,MANEUVER MECHANICS,1.96
DB-4,MANEUVER MECHANICS (OBFM),2.0
DB-4,MANEUVER SELECTION,2.04
DB-4,MANEUVER SELECTION (OBFM),2.0
DB-4,MISSION PLANNING/BRIEFING/DEBRIEFING,2.413793103448276
DB-4,NON-PRECISION APPROACH (HUD ON/OFF),2.0
DB-4,NORMAL LANDING,2.0384615384615383
DB-4,NORMAL PATTERN,2.090909090909091
DB-4,PERCH SETUPS,2.0357142857142856
DB-4,PRECISION APPROACH (HUD ON/OFF),2.2
DB-4,REJOINS,2.0
DB-4,RETURN TO BASE (RTB) PROCEDURES,2.1379310344827585
DB-4,ROUTE,2.111111111111111
DB-4,SINGLE ENGINE APPROACH/LANDING,3.0
DB-4,SITUATIONAL AWARENESS,2.0
DB-4,TAKEOFF (SINGLE-SHIP),2.25
DB-4,TASK MANAGEMENT,2.0344827586206895
DB-4,TWO-SHIP FORMATION -- TACTICAL,2.0714285714285716
DB-4,VISUAL SEARCH,2.103448275862069
DB-4,VISUAL SIGNALS,2.0714285714285716
DB-4,WEZ RECOGNITION,2.0714285714285716
F-1,AGSM,1.6071428571428572
F-1,ARMAMENT SWITCHOLOGY/FENCE CHK,1.2857142857142858
F-1,BATTLE DAMAGE CHECK,1.3333333333333333
F-1,COMMUNICATIONS,1.3214285714285714
F-1,CROSSUNDER,1.7037037037037037
F-1,DECISION MAKING/RISK MANAGEMENT,1.4285714285714286
F-1,DEPARTURE,1.7777777777777777
F-1,ECHELON,1.7407407407407407
F-1,EMERGENCY PROCEDURES,2.9642857142857144
F-1,FIGHTING WING,1.625
F-1,FINGERTIP,1.6071428571428572
F-1,FLIGHT COORDINATION,1.5
F-1,FORMATION TAKEOFF (WING),1.0
F-1,FOUR-SHIP FORMATION - TACTICAL,0.0
F-1,FUEL MANAGEMENT,1.4285714285714286
F-1,G-AWARENESS,1.75
F-1,G-AWARENESS TURNS,1.5555555555555556
F-1,GROUND OPERATIONS,1.4642857142857142
F-1,HEAT-TO-GUNS EXERCISE,1.2857142857142858
F-1,INSTRUMENT TRAIL DEPARTURE,2.0
F-1,MISSION PLANNING/BRIEFING/DEBRIEFING,1.75
F-1,NO FLAP APPROACH/LANDING,1.4545454545454546
F-1,NON-PRECISION APPROACH (HUD ON/OFF),1.6666666666666667
F-1,NORMAL LANDING,1.6428571428571428
F-1,NORMAL PATTERN,1.52
F-1,PENETRATION,1.0
F-1,PRECISION APPROACH (HUD ON/OFF),2.0
F-1,REJOINS,1.3214285714285714
F-1,RETURN TO BASE (RTB) PROCEDURES,1.5555555555555556
F-1,ROUTE,1.7407407407407407
F-1,SIMULATED GUNSHOT,1.1851851851851851
F-1,SIMULATED IR MISSILE SHOT,1.25
F-1,SINGLE ENGINE APPROACH/LANDING,1.8571428571428572
F-1,SITUATIONAL AWARENESS,1.3214285714285714
F-1,TAKEOFF (SINGLE-SHIP),2.0
F-1,TASK MANAGEMENT,1.4285714285714286
F-1,TWO-SHIP FORMATION -- TACTICAL,1.3928571428571428
F-1,VISUAL SEARCH,1.5714285714285714
F-1,VISUAL SIGNALS,1.6785714285714286
F-1,WEZ RECOGNITION,2.0
F-2,AGSM,1.75
F-2,ARMAMENT SWITCHOLOGY/FENCE CHK,1.6875
F-2,BATTLE DAMAGE CHECK,1.5161290322580645
F-2,COMMUNICATIONS,1.393939393939394
F-2,CROSSUNDER,2.032258064516129
F-2,DECISION MAKING/RISK MANAGEMENT,1.4848484848484849
F-2,DEPARTURE,2.0303030303030303
F-2,ECHELON,2.033333333333333
F-2,EMERGENCY PROCEDURES,2.9696969696969697
F-2,ENERGY MANEUVERABILITY,1.0
F-2,FIGHTING WING,2.0625
F-2,FINGERTIP,2.032258064516129
F-2,FLIGHT COORDINATION,1.5454545454545454
F-2,FORMATION APPROACH (WING),0.0
F-2,FORMATION TAKEOFF (WING),1.8
F-2,FOUR-SHIP FORMATION - BASIC,1.6
F-2,FOUR-SHIP FORMATION - TACTICAL,1.4615384615384615
F-2,FUEL MANAGEMENT,1.4545454545454546
F-2,G-AWARENESS,1.625
F-2,G-AWARENESS TURNS,1.46875
F-2,GROUND OPERATIONS,1.878787878787879
F-2,HEAT-TO-GUNS EXERCISE,1.4333333333333333
F-2,INSTRUMENT TRAIL DEPARTURE,2.0
F-2,MISSED APPROACH,1.0
F-2,MISSION PLANNING/BRIEFING/DEBRIEFING,2.090909090909091
F-2,NO FLAP APPROACH/LANDING,1.5625
F-2,NON-PRECISION APPROACH (HUD ON/OFF),1.0
F-2,NORMAL LANDING,1.7575757575757576
F-2,NORMAL PATTERN,2.0
F-2,PENETRATION,0.5
F-2,PRECISION APPROACH (HUD ON/OFF),1.5
F-2,REJOINS,2.0
F-2,RETURN TO BASE (RTB) PROCEDURES,1.9090909090909092
F-2,ROUTE,2.0
F-2,SIMULATED GUNSHOT,1.3
F-2,SIMULATED IR MISSILE SHOT,1.3
F-2,SINGLE ENGINE APPROACH/LANDING,1.5714285714285714
F-2,SINGLE ENGINE GO-AROUND,0.0
F-2,SITUATIONAL AWARENESS,1.3636363636363635
F-2,TAKEOFF (SINGLE-SHIP),2.064516129032258
F-2,TASK MANAGEMENT,1.5151515151515151
F-2,TWO-SHIP FORMATION -- TACTICAL,1.40625
F-2,VISUAL SEARCH,1.5454545454545454
F-2,VISUAL SIGNALS,2.064516129032258
F-3,AGSM,2.0
F-3,ARMAMENT SWITCHOLOGY/FENCE CHK,1.9642857142857142
F-3,BATTLE DAMAGE CHECK,2.0
F-3,COMMUNICATIONS,2.0
F-3,CROSSUNDER,2.0
F-3,DECISION MAKING/RISK MANAGEMENT,1.9285714285714286
F-3,DEPARTURE,2.0357142857142856
F-3,ECHELON,2.0
F-3,EMERGENCY PROCEDURES,2.9310344827586206
F-3,FIGHTING WING,2.0384615384615383
F-3,FINGERTIP,2.0714285714285716
F-3,FLIGHT COORDINATION,2.0357142857142856
F-3,FORMATION APPROACH (WING),1.6
F-3,FORMATION TAKEOFF (WING),1.7142857142857142
F-3,FOUR-SHIP FORMATION - BASIC,2.0833333333333335
F-3,FOUR-SHIP FORMATION - TACTICAL,1.5833333333333333
F-3,FUEL MANAGEMENT,2.0
F-3,G-AWARENESS,1.9285714285714286
F-3,G-AWARENESS TURNS,2.0357142857142856
F-3,GROUND OPERATIONS,2.0344827586206895
F-3,HEAT-TO-GUNS EXERCISE,2.2142857142857144
F-3,INSTRUMENT TRAIL DEPARTURE,2.0
F-3,MISSED APPROACH,2.0
F-3,MISSION ANALYSIS,2.4285714285714284
F-3,MISSION PLANNING/BRIEFING/DEBRIEFING,2.103448275862069
F-3,NO FLAP APPROACH/LANDING,2.0
F-3,NON-PRECISION APPROACH (HUD ON/OFF),2.0
F-3,NORMAL LANDING,2.0
F-3,NORMAL PATTERN,1.9523809523809523
F-3,PENETRATION,1.0
F-3,PRECISION APPROACH (HUD ON/OFF),1.8333333333333333
F-3,REJOINS,1.9375
F-3,RETURN TO BASE (RTB) PROCEDURES,2.0344827586206895
F-3,ROUTE,2.0344827586206895
F-3,SIMULATED GUNSHOT,1.6153846153846154
F-3,SIMULATED IR MISSILE SHOT,1.7142857142857142
F-3,SINGLE ENGINE APPROACH/LANDING,1.5
F-3,SINGLE ENGINE GO-AROUND,2.0
F-3,SITUATIONAL AWARENESS,2.0357142857142856
F-3,TAKEOFF (SINGLE-SHIP),2.0
F-3,TASK MANAGEMENT,2.0
F-3,TWO-SHIP FORMATION -- TACTICAL,2.0714285714285716
F-3,VISUAL SEARCH,2.0
F-3,VISUAL SIGNALS,2.0357142857142856
H-1,AGSM,1.9259259259259258
H-1,ARMAMENT SWITCHOLOGY/FENCE CHK,1.7307692307692308
H-1,BATTLE DAMAGE CHECK,2.0
H-1,BREAK TURN/ACCELERATED STALL,1.3846153846153846
H-1,COMMUNICATIONS,1.8518518518518519
H-1,DECISION MAKING/RISK MANAGEMENT,1.8148148148148149
H-1,DEPARTURE,1.9259259259259258
H-1,EMERGENCY PROCEDURES,3.037037037037037
H-1,ENERGY MANEUVERABILITY,1.4230769230769231
H-1,FLIGHT COORDINATION,1.7037037037037037
H-1,FORMATION APPROACH (WING),2.0
H-1,FUEL MANAGEMENT,1.9259259259259258
H-1,G-AWARENESS,1.8888888888888888
H-1,G-AWARENESS TURNS,1.8518518518518519
H-1,GROUND OPERATIONS,1.7407407407407407
H-1,HIGH/LOW-SPEED DIVE RECOVERY,1.4230769230769231
H-1,MISSED APPROACH,2.0434782608695654
H-1,MISSION ANALYSIS,1.875
H-1,MISSION PLANNING/BRIEFING/DEBRIEFING,2.037037037037037
H-1,NO FLAP APPROACH/LANDING,2.1875
H-1,NON-PRECISION APPROACH (HUD ON/OFF),2.074074074074074
H-1,NORMAL LANDING,1.8888888888888888
H-1,NORMAL PATTERN,1.8695652173913044
H-1,PENETRATION,2.125
H-1,PRECISION APPROACH (HUD ON/OFF),2.0
H-1,REJOINS,2.0
H-1,RETURN TO BASE (RTB) PROCEDURES,1.8148148148148149
H-1,SINGLE ENGINE APPROACH/LANDING,1.9166666666666667
H-1,SINGLE ENGINE GO-AROUND,3.0
H-1,SINGLE-SHIP JINK EXERCISE,1.3461538461538463
H-1,SITUATIONAL AWARENESS,1.5555555555555556
H-1,TAKEOFF (SINGLE-SHIP),2.037037037037037
H-1,TASK MANAGEMENT,1.7777777777777777
H-1,VISUAL SEARCH,1.8
HB-1,AGSM,2.08
HB-1,ARMAMENT SWITCHOLOGY/FENCE CHK,2.04
HB-1,BATTLE DAMAGE CHECK,2.0
HB-1,BUTTERFLY SETUPS,1.4090909090909092
HB-1,COMMUNICATIONS,1.8
HB-1,CROSSUNDER,2.0
HB-1,DECISION MAKING/RISK MANAGEMENT,1.8
HB-1,DEPARTURE,2.0833333333333335
HB-1,ECHELON,2.0
HB-1,EMERGENCY PROCEDURES,3.0
HB-1,FIGHT ANALYSIS,1.0454545454545454
HB-1,FIGHTING WING,2.0
HB-1,FINGERTIP,2.0
HB-1,FLIGHT COORDINATION,1.84
HB-1,FORMATION TAKEOFF (WING),2.0
HB-1,FOUR-SHIP FORMATION - BASIC,2.0
HB-1,FOUR-SHIP FORMATION - TACTICAL,1.8888888888888888
HB-1,FUEL MANAGEMENT,2.04
HB-1,G-AWARENESS,1.72
HB-1,G-AWARENESS TURNS,2.0416666666666665
HB-1,GROUND OPERATIONS,2.08
HB-1,INSTRUMENT TRAIL DEPARTURE,2.0
HB-1,LEAD TURN EXERCISE,1.4
HB-1,MANEUVER MECHANICS,0.9130434782608695
HB-1,MANEUVER SELECTION,1.3181818181818181
HB-1,MISSED APPROACH,2.0
HB-1,MISSION ANALYSIS,2.111111111111111
HB-1,MISSION PLANNING/BRIEFING/DEBRIEFING,2.1875
HB-1,NON-PRECISION APPROACH (HUD ON/OFF),2.0
HB-1,NORMAL LANDING,2.1363636363636362
HB-1,NORMAL PATTERN,2.090909090909091
HB-1,PRECISION APPROACH (HUD ON/OFF),2.2222222222222223
HB-1,REJOINS,2.0
HB-1,RETURN TO BASE (RTB) PROCEDURES,2.0
HB-1,ROUTE,2.0
HB-1,SIMULATED GUNSHOT,2.0
HB-1,SIMULATED IR MISSILE SHOT,1.9333333333333333
HB-1,SINGLE ENGINE APPROACH/LANDING,2.0
HB-1,SITUATIONAL AWARENESS,1.48
HB-1,TAKEOFF (SINGLE-SHIP),2.227272727272727
HB-1,TASK MANAGEMENT,1.72
HB-1,TWO-SHIP FORMATION -- TACTICAL,1.9166666666666667
HB-1,VISUAL SEARCH,2.04
HB-1,VISUAL SIGNALS,2.04
HB-1,WEZ RECOGNITION,1.2
HB-2,AGSM,2.1
HB-2,ARMAMENT SWITCHOLOGY/FENCE CHK,2.0
HB-2,BATTLE DAMAGE CHECK,2.0
HB-2,BUTTERFLY SETUPS,1.736842105263158
HB-2,COMMUNICATIONS,2.05
HB-2,CROSSUNDER,2.0
HB-2,DECISION MAKING/RISK MANAGEMENT,1.85
HB-2,DEPARTURE,2.0526315789473686
HB-2,ECHELON,2.0
HB-2,EMERGENCY PROCEDURES,3.0
HB-2,FIGHT ANALYSIS,1.5789473684210527
HB-2,FIGHTING WING,2.0
HB-2,FINGERTIP,2.0
HB-2,FLIGHT COORDINATION,2.0
HB-2,FORMATION TAKEOFF (WING),2.25
HB-2,FOUR-SHIP FORMATION - BASIC,2.0
HB-2,FOUR-SHIP FORMATION - TACTICAL,2.0
HB-2,FUEL MANAGEMENT,2.05
HB-2,G-AWARENESS,2.1
HB-2,G-AWARENESS TURNS,2.1
HB-2,GROUND OPERATIONS,2.2
HB-2,HIGH ANGLE GUN/SEPARATION EXERCISE,1.0
HB-2,INSTRUMENT TRAIL DEPARTURE,2.0
HB-2,LEAD TURN EXERCISE,1.3333333333333333
HB-2,MANEUVER MECHANICS,1.5263157894736843
HB-2,MANEUVER SELECTION,1.5789473684210527
HB-2,MISSION ANALYSIS,2.3333333333333335
HB-2,MISSION PLANNING/BRIEFING/DEBRIEFING,2.2857142857142856
HB-2,NON-PRECISION APPROACH (HUD ON/OFF),2.0
HB-2,NORMAL LANDING,2.1875
HB-2,NORMAL PATTERN,2.0
HB-2,PRECISION APPROACH (HUD ON/OFF),2.25
HB-2,REJOINS,2.0
HB-2,RETURN TO BASE (RTB) PROCEDURES,2.05
HB-2,ROUTE,2.0
HB-2,SIMULATED GUNSHOT,2.0
HB-2,SIMULATED IR MISSILE SHOT,1.9
HB-2,SINGLE ENGINE APPROACH/LANDING,2.0
HB-2,SITUATIONAL AWARENESS,1.85
HB-2,TAKEOFF (SINGLE-SHIP),2.125
HB-2,TASK MANAGEMENT,2.05
HB-2,TWO-SHIP FORMATION -- TACTICAL,1.9473684210526316
HB-2,VISUAL SEARCH,2.05
HB-2,VISUAL SIGNALS,2.0555555555555554
HB-2,WEZ RECOGNITION,1.7777777777777777
HB-3,AGSM,2.0
HB-3,ARMAMENT SWITCHOLOGY/FENCE CHK,2.0
HB-3,BUTTERFLY SETUPS,3.0
HB-3,COMMUNICATIONS,2.0
HB-3,DECISION MAKING/RISK MANAGEMENT,2.0
HB-3,DEPARTURE,2.0
HB-3,FIGHT ANALYSIS,3.0
HB-3,FIGHTING WING,3.0
HB-3,FINGERTIP,2.0
HB-3,G-AWARENESS,2.0
HB-3,G-AWARENESS TURNS,2.0
HB-3,GROUND OPERATIONS,2.0
HB-3,MANEUVER MECHANICS,3.0
HB-3,MANEUVER SELECTION,3.0
HB-3,MISSION PLANNING/BRIEFING/DEBRIEFING,2.0
HB-3,NORMAL LANDING,2.0
HB-3,NORMAL PATTERN,2.0
HB-3,REJOINS,3.0
HB-3,RETURN TO BASE (RTB) PROCEDURES,2.0
HB-3,ROUTE,3.0
HB-3,SIMULATED IR MISSILE SHOT,2.0
HB-3,SITUATIONAL AWARENESS,2.0
HB-3,TAKEOFF (SINGLE-SHIP),2.0
HB-3,TASK MANAGEMENT,2.0
HB-3,VISUAL SEARCH,3.0
HB-3,WEZ RECOGNITION,2.0
OB-1,AGSM,1.8275862068965518
OB-1,ARMAMENT SWITCHOLOGY/FENCE CHK,1.7
OB-1,BATTLE DAMAGE CHECK,1.6551724137931034
OB-1,COMMUNICATIONS,1.7
OB-1,CROSSUNDER,1.7333333333333334
OB-1,DECISION MAKING/RISK MANAGEMENT,1.5666666666666667
OB-1,DEPARTURE,2.0
OB-1,ECHELON,1.6666666666666667
OB-1,EMERGENCY PROCEDURES,3.0
OB-1,FIGHT ANALYSIS,1.25
OB-1,FIGHTING WING,1.608695652173913
OB-1,FINGERTIP,1.6666666666666667
OB-1,FLIGHT COORDINATION,1.7
OB-1,FORMATION APPROACH (WING),2.0
OB-1,FORMATION TAKEOFF (WING),1.8
OB-1,FUEL MANAGEMENT,1.7
OB-1,G-AWARENESS,1.8666666666666667
OB-1,G-AWARENESS TURNS,1.7666666666666666
OB-1,GROUND OPERATIONS,2.066666666666667
OB-1,MANEUVER MECHANICS (OBFM),1.2142857142857142
OB-1,MANEUVER SELECTION (OBFM),1.1785714285714286
OB-1,MISSION ANALYSIS,1.9259259259259258
OB-1,MISSION PLANNING/BRIEFING/DEBRIEFING,2.3333333333333335
OB-1,NO FLAP APPROACH/LANDING,2.0
OB-1,NORMAL LANDING,2.0
OB-1,NORMAL PATTERN,2.0
OB-1,PERCH SETUPS,1.5
OB-1,PRECISION APPROACH (HUD ON/OFF),2.0
OB-1,QUARTER-PLANE EXERCISE,1.1923076923076923
OB-1,REJOINS,1.5333333333333334
OB-1,RETURN TO BASE (RTB) PROCEDURES,1.7666666666666666
OB-1,ROUTE,1.8333333333333333
OB-1,SIMULATED GUNSHOT,1.3928571428571428
OB-1,SIMULATED IR MISSILE SHOT,1.2916666666666667
OB-1,SINGLE ENGINE APPROACH/LANDING,2.0
OB-1,SITUATIONAL AWARENESS,1.5333333333333334
OB-1,TAKEOFF (SINGLE-SHIP),2.08
OB-1,TASK MANAGEMENT,1.5666666666666667
OB-1,TWO-SHIP FORMATION -- TACTICAL,1.4333333333333333
OB-1,VISUAL SEARCH,1.7
OB-1,VISUAL SIGNALS,1.7
OB-1,WEZ RECOGNITION,1.2857142857142858
OB-2,AGSM,2.032258064516129
OB-2,ARMAMENT SWITCHOLOGY/FENCE CHK,1.967741935483871
OB-2,BATTLE DAMAGE CHECK,1.9666666666666666
OB-2,COMMUNICATIONS,1.6451612903225807
OB-2,CROSSUNDER,2.0
OB-2,DECISION MAKING/RISK MANAGEMENT,1.6129032258064515
OB-2,DEPARTURE,1.967741935483871
OB-2,ECHELON,2.0
OB-2,EMERGENCY PROCEDURES,3.032258064516129
OB-2,FIGHT ANALYSIS,1.3666666666666667
OB-2,FIGHTING WING,2.0
OB-2,FINGERTIP,1.967741935483871
OB-2,FLIGHT COORDINATION,1.6451612903225807
OB-2,FORMATION APPROACH (WING),1.68
OB-2,FORMATION TAKEOFF (WING),1.7727272727272727
OB-2,FUEL MANAGEMENT,2.033333333333333
OB-2,G-AWARENESS,2.096774193548387
OB-2,G-AWARENESS TURNS,2.0
OB-2,GROUND OPERATIONS,1.8387096774193548
OB-2,INSTRUMENT TRAIL DEPARTURE,2.0
OB-2,MANEUVER MECHANICS (OBFM),1.3666666666666667
OB-2,MANEUVER SELECTION (OBFM),1.3666666666666667
OB-2,MISSION ANALYSIS,2.037037037037037
OB-2,MISSION PLANNING/BRIEFING/DEBRIEFING,2.25
OB-2,NO FLAP APPROACH/LANDING,2.0
OB-2,NON-PRECISION APPROACH (HUD ON/OFF),2.0
OB-2,NORMAL LANDING,1.9615384615384615
OB-2,NORMAL PATTERN,2.0
OB-2,PERCH SETUPS,1.7333333333333334
OB-2,PRECISION APPROACH (HUD ON/OFF),2.0
OB-2,REJOINS,1.967741935483871
OB-2,RETURN TO BASE (RTB) PROCEDURES,2.032258064516129
OB-2,ROUTE,1.967741935483871
OB-2,SIMULATED GUNSHOT,1.5172413793103448
OB-2,SIMULATED IR MISSILE SHOT,1.4137931034482758
OB-2,SINGLE ENGINE APPROACH/LANDING,2.0
OB-2,SITUATIONAL AWARENESS,1.4516129032258065
OB-2,TAKEOFF (SINGLE-SHIP),2.076923076923077
OB-2,TASK MANAGEMENT,1.5483870967741935
OB-2,TWO-SHIP FORMATION -- TACTICAL,1.4838709677419355
OB-2,VISUAL SEARCH,2.0
OB-2,VISUAL SIGNALS,2.0
OB-2,WEZ RECOGNITION,1.4
OB-3,AGSM,2.0
OB-3,ARMAMENT SWITCHOLOGY/FENCE CHK,2.0
OB-3,BATTLE DAMAGE CHECK,2.0
OB-3,COMMUNICATIONS,1.7272727272727273
OB-3,CROSSUNDER,2.0526315789473686
OB-3,DECISION MAKING/RISK MANAGEMENT,1.5909090909090908
OB-3,DEPARTURE,2.0
OB-3,ECHELON,2.0
OB-3,EMERGENCY PROCEDURES,3.0
OB-3,FIGHT ANALYSIS,1.5
OB-3,FIGHTING WING,2.0
OB-3,FINGERTIP,1.9523809523809523
OB-3,FLIGHT COORDINATION,1.8181818181818181
OB-3,FORMATION APPROACH (WING),2.0
OB-3,FORMATION TAKEOFF (WING),2.0588235294117645
OB-3,FOUR-SHIP FORMATION - BASIC,1.8333333333333333
OB-3,FOUR-SHIP FORMATION - TACTICAL,1.75
OB-3,FUEL MANAGEMENT,1.7272727272727273
OB-3,G-AWARENESS,2.0
OB-3,G-AWARENESS TURNS,1.9545454545454546
OB-3,GROUND OPERATIONS,2.0454545454545454
OB-3,INSTRUMENT TRAIL DEPARTURE,2.0
OB-3,MANEUVER MECHANICS (OBFM),1.4090909090909092
OB-3,MANEUVER SELECTION (OBFM),1.5909090909090908
OB-3,MISSION ANALYSIS,2.0526315789473686
OB-3,MISSION PLANNING/BRIEFING/DEBRIEFING,2.0
OB-3,NO FLAP APPROACH/LANDING,2.0
OB-3,NON-PRECISION APPROACH (HUD ON/OFF),1.0
OB-3,NORMAL LANDING,2.0526315789473686
OB-3,NORMAL PATTERN,2.0
OB-3,PERCH SETUPS,1.7272727272727273
OB-3,PRECISION APPROACH (HUD ON/OFF),2.0
OB-3,REJOINS,1.9090909090909092
OB-3,RETURN TO BASE (RTB) PROCEDURES,2.090909090909091
OB-3,ROUTE,2.0
OB-3,SIMULATED GUNSHOT,1.5454545454545454
OB-3,SIMULATED IR MISSILE SHOT,1.5
OB-3,SINGLE ENGINE APPROACH/LANDING,2.0
OB-3,SITUATIONAL AWARENESS,1.3181818181818181
OB-3,TAKEOFF (SINGLE-SHIP),2.0
OB-3,TASK MANAGEMENT,1.5
OB-3,TWO-SHIP FORMATION -- TACTICAL,1.9090909090909092
OB-3,VISUAL SEARCH,2.0
OB-3,VISUAL SIGNALS,2.0
OB-3,WEZ RECOGNITION,1.5454545454545454
OB-4,AGSM,2.0
OB-4,ARMAMENT SWITCHOLOGY/FENCE CHK,2.0
OB-4,BATTLE DAMAGE CHECK,2.0
OB-4,COMMUNICATIONS,2.0952380952380953
OB-4,CROSSUNDER,2.0
OB-4,DECISION MAKING/RISK MANAGEMENT,2.0476190476190474
OB-4,DEPARTURE,2.0952380952380953
OB-4,ECHELON,2.0
OB-4,EMERGENCY PROCEDURES,3.0
OB-4,FIGHT ANALYSIS,2.0
OB-4,FIGHTING WING,2.0
OB-4,FINGERTIP,2.0
OB-4,FLIGHT COORDINATION,2.0476190476190474
OB-4,FORMATION APPROACH (WING),2.0
OB-4,FORMATION TAKEOFF (WING),2.1666666666666665
OB-4,FOUR-SHIP FORMATION - BASIC,2.25
OB-4,FOUR-SHIP FORMATION - TACTICAL,1.5
OB-4,FUEL MANAGEMENT,2.1904761904761907
OB-4,G-AWARENESS,2.0
OB-4,G-AWARENESS TURNS,2.05
OB-4,GROUND OPERATIONS,2.0952380952380953
OB-4,MANEUVER MECHANICS (OBFM),2.1
OB-4,MANEUVER SELECTION (OBFM),2.0
OB-4,MISSION ANALYSIS,2.1666666666666665
OB-4,MISSION PLANNING/BRIEFING/DEBRIEFING,2.3333333333333335
OB-4,NON-PRECISION APPROACH (HUD ON/OFF),2.0
OB-4,NORMAL LANDING,2.0526315789473686
OB-4,NORMAL PATTERN,1.9375
OB-4,PERCH SETUPS,2.05
OB-4,PRECISION APPROACH (HUD ON/OFF),2.0
OB-4,REJOINS,2.0476190476190474
OB-4,RETURN TO BASE (RTB) PROCEDURES,2.0
OB-4,ROUTE,2.0
OB-4,SIMULATED GUNSHOT,2.15
OB-4,SIMULATED IR MISSILE SHOT,2.05
OB-4,SINGLE ENGINE APPROACH/LANDING,2.0
OB-4,SITUATIONAL AWARENESS,2.0476190476190474
OB-4,TAKEOFF (SINGLE-SHIP),2.1333333333333333
OB-4,TASK MANAGEMENT,2.0476190476190474
OB-4,TWO-SHIP FORMATION -- TACTICAL,2.142857142857143
OB-4,VISUAL SEARCH,2.0476190476190474
OB-4,VISUAL SIGNALS,2.0
OB-4,WEZ RECOGNITION,2.15
S-1,AGSM,2.0416666666666665
S-1,ARMAMENT SWITCHOLOGY/FENCE CHK,1.72
S-1,BATTLE DAMAGE CHECK,2.090909090909091
S-1,CLIMBING SAFE-ESCAPE MANEUVER (CSEM),1.3333333333333333
S-1,COMMUNICATIONS,1.52
S-1,CONVENTIONAL 10-DEGREE LAHD,1.3
S-1,CONVENTIONAL 20-DEGREE LALD,1.263157894736842
S-1,CONVENTIONAL 30-DEGREE DB,1.3888888888888888
S-1,CONVENTIONAL/TAC RANGE PROC/PATTERNS,1.44
S-1,CROSSUNDER,2.0
S-1,DECISION MAKING/RISK MANAGEMENT,1.64
S-1,DEPARTURE,2.04
S-1,ECHELON,2.0
S-1,EMERGENCY PROCEDURES,3.0
S-1,ERROR ANALYSIS,1.0833333333333333
S-1,FIGHTING WING,2.090909090909091
S-1,FINGERTIP,2.0416666666666665
S-1,FLIGHT COORDINATION,1.72
S-1,FORMATION APPROACH (WING),2.0
S-1,FOUR-SHIP FORMATION - BASIC,2.125
S-1,FOUR-SHIP FORMATION - TACTICAL,1.8461538461538463
S-1,FUEL MANAGEMENT,2.12
S-1,G-AWARENESS,1.9583333333333333
S-1,G-AWARENESS TURNS,2.0
S-1,GROUND OPERATIONS,2.08
S-1,HIGH ANGLE STRAFE (HAS),1.5294117647058822
S-1,MISSION PLANNING/BRIEFING/DEBRIEFING,2.24
S-1,NO FLAP APPROACH/LANDING,2.0
S-1,NON-PRECISION APPROACH (HUD ON/OFF),2.0
S-1,NORMAL LANDING,2.090909090909091
S-1,NORMAL PATTERN,2.0
S-1,PRECISION APPROACH (HUD ON/OFF),2.0
S-1,REJOINS,1.9166666666666667
S-1,RETURN TO BASE (RTB) PROCEDURES,1.96
S-1,ROUTE,2.0416666666666665
S-1,SAFE ESCAPE MANEUVER,1.5
S-1,SINGLE ENGINE APPROACH/LANDING,2.0
S-1,SINGLE ENGINE GO-AROUND,2.0
S-1,SITUATIONAL AWARENESS,1.6
S-1,TAKEOFF (SINGLE-SHIP),2.24
S-1,TASK MANAGEMENT,1.48
S-1,TWO-SHIP FORMATION -- TACTICAL,1.9523809523809523
S-1,VISUAL SEARCH,2.08
S-1,VISUAL SIGNALS,2.130434782608696
S-1,WEAPONS DELIVERY EVENTS/PARAMETERS,1.25
S-2,AGSM,2.12
S-2,ARMAMENT SWITCHOLOGY/FENCE CHK,2.28
S-2,BATTLE DAMAGE CHECK,2.0416666666666665
S-2,CLIMBING SAFE-ESCAPE MANEUVER (CSEM),2.15
S-2,COMMUNICATIONS,2.12
S-2,CONVENTIONAL 10-DEGREE LAHD,2.35
S-2,CONVENTIONAL 20-DEGREE LALD,2.2
S-2,CONVENTIONAL 30-DEGREE DB,2.0555555555555554
S-2,CONVENTIONAL/TAC RANGE PROC/PATTERNS,2.04
S-2,CROSSUNDER,2.0
S-2,DECISION MAKING/RISK MANAGEMENT,1.96
S-2,DEPARTURE,2.08
S-2,ECHELON,2.0
S-2,EMERGENCY PROCEDURES,3.0
S-2,ERROR ANALYSIS,2.125
S-2,FIGHTING WING,2.076923076923077
S-2,FINGERTIP,2.0833333333333335
S-2,FLIGHT COORDINATION,2.12
S-2,FORMATION APPROACH (WING),2.0
S-2,FORMATION TAKEOFF (WING),2.0
S-2,FOUR-SHIP FORMATION - BASIC,2.2
S-2,FOUR-SHIP FORMATION - TACTICAL,2.0
S-2,FUEL MANAGEMENT,2.2
S-2,G-AWARENESS,2.0
S-2,G-AWARENESS TURNS,2.0476190476190474
S-2,GROUND OPERATIONS,2.12
S-2,HIGH ANGLE STRAFE (HAS),2.0555555555555554
S-2,LOST WINGMAN PROCEDURES,2.0
S-2,MISSION PLANNING/BRIEFING/DEBRIEFING,2.48
S-2,NON-PRECISION APPROACH (HUD ON/OFF),2.0
S-2,NORMAL LANDING,2.0
S-2,NORMAL PATTERN,1.95
S-2,PRECISION APPROACH (HUD ON/OFF),2.5
S-2,REJOINS,2.04
S-2,RETURN TO BASE (RTB) PROCEDURES,2.16
S-2,ROUTE,2.0434782608695654
S-2,SAFE ESCAPE MANEUVER,1.8
S-2,SITUATIONAL AWARENESS,1.8
S-2,TAKEOFF (SINGLE-SHIP),2.0434782608695654
S-2,TASK MANAGEMENT,1.92
S-2,TWO-SHIP FORMATION -- TACTICAL,2.0
S-2,VISUAL SEARCH,2.2083333333333335
S-2,VISUAL SIGNALS,2.1739130434782608
S-2,WEAPONS DELIVERY EVENTS/PARAMETERS,1.6
S-3,10 DEGREE LAHD POPUP,1.625
S-3,20 DEGREE LALD POPUP,1.3529411764705883
S-3,AGSM,2.107142857142857
S-3,ARMAMENT SWITCHOLOGY/FENCE CHK,2.2142857142857144
S-3,BATTLE DAMAGE CHECK,2.125
S-3,CLIMBING SAFE-ESCAPE MANEUVER (CSEM),1.8235294117647058
S-3,COMMUNICATIONS,1.8571428571428572
S-3,CONVENTIONAL/TAC RANGE PROC/PATTERNS,1.6666666666666667
S-3,CROSSUNDER,2.0
S-3,DECISION MAKING/RISK MANAGEMENT,1.75
S-3,DEPARTURE,2.0357142857142856
S-3,ECHELON,2.0
S-3,EMERGENCY PROCEDURES,2.9285714285714284
S-3,ERROR ANALYSIS,1.3214285714285714
S-3,FIGHTING WING,2.076923076923077
S-3,FINGERTIP,2.08
S-3,FLIGHT COORDINATION,1.8571428571428572
S-3,FORMATION APPROACH (WING),2.0
S-3,FORMATION TAKEOFF (WING),2.0
S-3,FOUR-SHIP FORMATION - BASIC,2.0
S-3,FOUR-SHIP FORMATION - TACTICAL,1.9230769230769231
S-3,FUEL MANAGEMENT,2.1481481481481484
S-3,G-AWARENESS,2.1481481481481484
S-3,G-AWARENESS TURNS,2.111111111111111
S-3,GROUND OPERATIONS,2.25
S-3,LEVEL DELIVERY,1.6
S-3,LEVEL TURNING MANEUVER,1.56
S-3,LEVEL/POPUP RANGE,1.4
S-3,LONG RANGE STRAFE,1.5
S-3,MISSION PLANNING/BRIEFING/DEBRIEFING,2.2857142857142856
S-3,NON-PRECISION APPROACH (HUD ON/OFF),1.5
S-3,NORMAL LANDING,2.08
S-3,NORMAL PATTERN,1.9285714285714286
S-3,PRECISION APPROACH (HUD ON/OFF),1.5714285714285714
S-3,REJOINS,2.0
S-3,RETURN TO BASE (RTB) PROCEDURES,2.1785714285714284
S-3,ROUTE,2.0714285714285716
S-3,SAFE ESCAPE MANEUVER,1.3333333333333333
S-3,SITUATIONAL AWARENESS,1.5357142857142858
S-3,TAKEOFF (SINGLE-SHIP),2.24
S-3,TASK MANAGEMENT,1.6785714285714286
S-3,TWO-SHIP FORMATION -- TACTICAL,2.0
S-3,VISUAL SEARCH,2.142857142857143
S-3,VISUAL SIGNALS,2.1481481481481484
S-3,WEAPONS DELIVERY EVENTS/PARAMETERS,2.0
S-4,10 DEGREE LAHD POPUP,2.1666666666666665
S-4,20 DEGREE LALD POPUP,1.9523809523809523
S-4,AGSM,2.0714285714285716
S-4,ARMAMENT SWITCHOLOGY/FENCE CHK,2.0
S-4,BATTLE DAMAGE CHECK,2.0384615384615383
S-4,CLIMBING SAFE-ESCAPE MANEUVER (CSEM),2.0
S-4,COMMUNICATIONS,2.096774193548387
S-4,CONVENTIONAL 10-DEGREE LAHD,2.0
S-4,CONVENTIONAL 20-DEGREE LALD,2.0
S-4,CONVENTIONAL/TAC RANGE PROC/PATTERNS,2.1538461538461537
S-4,CROSSUNDER,2.0
S-4,DECISION MAKING/RISK MANAGEMENT,2.0
S-4,DEPARTURE,1.96875
S-4,ECHELON,2.0
S-4,EMERGENCY PROCEDURES,3.0
S-4,ERROR ANALYSIS,2.0
S-4,FIGHTING WING,2.0
S-4,FINGERTIP,2.0357142857142856
S-4,FLIGHT COORDINATION,2.066666666666667
S-4,FORMATION APPROACH (WING),2.0
S-4,FORMATION TAKEOFF (WING),2.0
S-4,FOUR-SHIP FORMATION - BASIC,2.0
S-4,FOUR-SHIP FORMATION - TACTICAL,1.9473684210526316
S-4,FUEL MANAGEMENT,2.1666666666666665
S-4,G-AWARENESS,2.0357142857142856
S-4,G-AWARENESS TURNS,2.0454545454545454
S-4,GROUND OPERATIONS,2.0625
S-4,INSTRUMENT TRAIL DEPARTURE,2.0
S-4,LEVEL DELIVERY,2.227272727272727
S-4,LEVEL TURNING MANEUVER,2.1666666666666665
S-4,LEVEL/POPUP RANGE,2.1739130434782608
S-4,LONG RANGE STRAFE,2.130434782608696
S-4,MISSED APPROACH,2.0
S-4,MISSION PLANNING/BRIEFING/DEBRIEFING,2.2903225806451615
S-4,NON-PRECISION APPROACH (HUD ON/OFF),2.0
S-4,NORMAL LANDING,2.111111111111111
S-4,NORMAL PATTERN,1.92
S-4,PRECISION APPROACH (HUD ON/OFF),2.0
S-4,REJOINS,2.0
S-4,RETURN TO BASE (RTB) PROCEDURES,2.03125
S-4,ROUTE,2.074074074074074
S-4,SAFE ESCAPE MANEUVER,2.0
S-4,SITUATIONAL AWARENESS,1.9
S-4,TAKEOFF (SINGLE-SHIP),2.107142857142857
S-4,TASK MANAGEMENT,2.129032258064516
S-4,TWO-SHIP FORMATION -- TACTICAL,2.090909090909091
S-4,VISUAL SEARCH,2.129032258064516
S-4,VISUAL SIGNALS,2.0689655172413794
S-4,WEAPONS DELIVERY EVENTS/PARAMETERS,2.0
SAT-1,AGSM,2.142857142857143
SAT-1,ARMAMENT SWITCHOLOGY/FENCE CHK,2.111111111111111
SAT-1,BASIC RANGE PROCEDURES AND PATTERNS,1.9090909090909092
SAT-1,BATTLE DAMAGE CHECK,2.0434782608695654
SAT-1,COMMUNICATIONS,2.0
SAT-1,CROSSUNDER,2.0
SAT-1,DECISION MAKING/RISK MANAGEMENT,1.7037037037037037
SAT-1,DEPARTURE,2.037037037037037
SAT-1,EMERGENCY PROCEDURES,3.0
SAT-1,FIGHTING WING,2.05
SAT-1,FINGERTIP,2.0384615384615383
SAT-1,FLIGHT COORDINATION,1.8148148148148149
SAT-1,FORMATION TAKEOFF (WING),2.25
SAT-1,FOUR-SHIP FORMATION - BASIC,2.0
SAT-1,FUEL MANAGEMENT,1.962962962962963
SAT-1,G-AWARENESS,2.15
SAT-1,G-AWARENESS TURNS,2.0
SAT-1,GROUND OPERATIONS,2.074074074074074
SAT-1,INSTRUMENT TRAIL DEPARTURE,2.0
SAT-1,MISSED APPROACH,2.0
SAT-1,MISSION PLANNING/BRIEFING/DEBRIEFING,2.259259259259259
SAT-1,NON-PRECISION APPROACH (HUD ON/OFF),2.0
SAT-1,NORMAL LANDING,2.0
SAT-1,NORMAL PATTERN,2.0
SAT-1,PENETRATION,2.0
SAT-1,PRECISION APPROACH (HUD ON/OFF),1.8235294117647058
SAT-1,REJOINS,2.0
SAT-1,RETURN TO BASE (RTB) PROCEDURES,2.0384615384615383
SAT-1,ROUTE,2.04
SAT-1,SAFE ESCAPE MANEUVER,1.9523809523809523
SAT-1,SITUATIONAL AWARENESS,1.6666666666666667
SAT-1,TACS/JFIRE PROCEDURES,1.5
SAT-1,TAKEOFF (SINGLE-SHIP),2.0434782608695654
SAT-1,TASK MANAGEMENT,1.6666666666666667
SAT-1,THREAT REACTIONS,1.619047619047619
SAT-1,TWO-SHIP FORMATION -- TACTICAL,1.9615384615384615
SAT-1,TWO-SHIP MUTUAL SUPPORT,1.92
SAT-1,VISUAL SEARCH,2.074074074074074
SAT-1,VISUAL SIGNALS,2.0384615384615383
SAT-1,WEAPONS EMPLOYMENT,1.375
SAT-2,AGSM,2.3333333333333335
SAT-2,ARMAMENT SWITCHOLOGY/FENCE CHK,2.3333333333333335
SAT-2,BASIC RANGE PROCEDURES AND PATTERNS,2.0
SAT-2,BATTLE DAMAGE CHECK,2.0
SAT-2,COMMUNICATIONS,2.0
SAT-2,DECISION MAKING/RISK MANAGEMENT,2.3333333333333335
SAT-2,DEPARTURE,2.0
SAT-2,EMERGENCY PROCEDURES,3.0
SAT-2,FIGHTING WING,2.0
SAT-2,FINGERTIP,2.0
SAT-2,FLIGHT COORDINATION,2.0
SAT-2,FUEL MANAGEMENT,2.3333333333333335
SAT-2,G-AWARENESS,2.0
SAT-2,G-AWARENESS TURNS,2.0
SAT-2,GROUND OPERATIONS,2.3333333333333335
SAT-2,MISSION PLANNING/BRIEFING/DEBRIEFING,2.3333333333333335
SAT-2,NORMAL LANDING,2.3333333333333335
SAT-2,NORMAL PATTERN,2.5
SAT-2,PRECISION APPROACH (HUD ON/OFF),2.0
SAT-2,REJOINS,2.0
SAT-2,RETURN TO BASE (RTB) PROCEDURES,2.0
SAT-2,ROUTE,2.0
SAT-2,SAFE ESCAPE MANEUVER,2.0
SAT-2,SITUATIONAL AWARENESS,2.3333333333333335
SAT-2,TACS/JFIRE PROCEDURES,1.0
SAT-2,TAKEOFF (SINGLE-SHIP),2.3333333333333335
SAT-2,TASK MANAGEMENT,2.3333333333333335
SAT-2,THREAT REACTIONS,2.0
SAT-2,TWO-SHIP FORMATION -- TACTICAL,2.3333333333333335
SAT-2,TWO-SHIP MUTUAL SUPPORT,2.0
SAT-2,VISUAL SEARCH,2.3333333333333335
SAT-2,VISUAL SIGNALS,2.0
SAT-2,WEAPONS EMPLOYMENT,2.0
